message,sending_time,sender,status,price,sent,viewed,purchased,earnings,withdrawn_by,message_id,source_file,loaded_at
Could you handle me if I crawled on top of you right now? Iâ€™d ride you until neither of us could breathe ğŸ˜ˆ,"Sep 14, 2025 at 12:13 AM",SD Mochi,sent,-,50312,63,0,0.0,,,ALLTIME_MASS_MESSAGE_STATS - DAILY.MASS.MESSAGE.STATS(Gmail-etl adds pge name).csv,2025-09-15T22:39:34.140491Z
"âœ¨ ğ’´ğ‘œğ“Šâ€™ğ“‡ğ‘’ ğ’¶ğ“ğ“‡ğ‘’ğ’¶ğ’¹ğ“ ğ“‡ğ‘œğ’¸ğ“€ ğ’½ğ’¶ğ“‡ğ’¹ ğ“‰ğ’½ğ’¾ğ“ƒğ“€ğ’¾ğ“ƒğ‘” ğ’¶ğ’·ğ‘œğ“Šğ“‰ ğ’¾ğ“‰, ğ’¶ğ“‡ğ‘’ğ“ƒâ€™ğ“‰ ğ“ğ‘œğ“Š? ğŸ¤­
I know you love a good c*ck tease, and Iâ€™m having way too much fun making you wait for itâ€¦
ğŸ’¦ ğ’ƒğ’–ğ’• ğ’‰ğ’ğ’˜ ğ’ğ’ğ’ğ’ˆ ğ’„ğ’‚ğ’ ğ’šğ’ğ’– ğ’“ğ’†ğ’‚ğ’ğ’ğ’š ğ’ğ’‚ğ’”ğ’• ğ’ƒğ’†ğ’‡ğ’ğ’“ğ’† ğ’šğ’ğ’– ğ’ˆğ’Šğ’—ğ’† ğ’Šğ’ ğ’‚ğ’ğ’… ğ’–ğ’ğ’ğ’ğ’„ğ’Œ?","Sep 13, 2025 at 11:56 PM",SD Mochi,sent,5.00,50346,88,0,0.0,,,ALLTIME_MASS_MESSAGE_STATS - DAILY.MASS.MESSAGE.STATS(Gmail-etl adds pge name).csv,2025-09-15T22:39:34.140491Z
Strip poker tonight? I already lost everything but my panties. Wanna see?ğŸ‘„,"Sep 13, 2025 at 11:09 PM",SD Mochi,sent,-,50312,134,0,0.0,,,ALLTIME_MASS_MESSAGE_STATS - DAILY.MASS.MESSAGE.STATS(Gmail-etl adds pge name).csv,2025-09-15T22:39:34.140491Z
"â³ nglâ€¦ I need to cum every 4hrs ğŸ¥ºğŸ’¦
Can u help me out daddyy??
ğ‘‚ğ‘Ÿ ğ‘–ğ‘  ğ‘¡â„ğ‘–ğ‘  ğ‘›ğ‘œğ‘¡ ğ‘”ğ‘œğ‘›ğ‘›ğ‘ ğ‘¤ğ‘œğ‘Ÿğ‘˜ ğ‘œğ‘¢ğ‘¡ ğ‘ğ‘’ğ‘¡ğ‘¤ğ‘’ğ‘’ğ‘› ğ‘¢ğ‘ ? ğŸ˜
Unlock this if you wanna see me get wet for u â€¦","Sep 13, 2025 at 09:59 PM",SD Mochi,sent,9.00,50347,190,1,9.0,,,ALLTIME_MASS_MESSAGE_STATS - DAILY.MASS.MESSAGE.STATS(Gmail-etl adds pge name).csv,2025-09-15T22:39:34.140491Z
"Imagine me blindfolded, waiting for you to do anything. What would you do first? ğŸ˜ˆ","Sep 13, 2025 at 09:12 PM",SD Mochi,sent,-,50313,221,0,0.0,,,ALLTIME_MASS_MESSAGE_STATS - DAILY.MASS.MESSAGE.STATS(Gmail-etl adds pge name).csv,2025-09-15T22:39:34.140491Z
"Iâ€™d kiss your chest, bite your lip, then make you moan my name. Can you imagine it? ğŸ˜ˆ","Sep 13, 2025 at 08:20 PM",SD Mochi,sent,-,50315,263,0,0.0,,,ALLTIME_MASS_MESSAGE_STATS - DAILY.MASS.MESSAGE.STATS(Gmail-etl adds pge name).csv,2025-09-15T22:39:34.140491Z
"ğŸš¨âš ï¸ W A R N I N G âš ï¸ğŸš¨
TOO FILTHY TO REMAIN ON PLATFORM FOR MORE THAN 3 HOURSğŸ˜³
â³ Once itâ€™s gone, itâ€™s GONE. â³
ğŸ’¦ ğ™»ğšŠğšœğš ğšŒğš‘ğšŠğš—ğšŒğš ğšğš˜ ğšœğšğš ğš ğš‘ğšŠğš ğ™¸ ğšğš’ğš ğšğš˜ğš—ğš’ğšğš‘ğšâ€¦","Sep 13, 2025 at 07:48 PM",SD Mochi,sent,13.00,50350,286,0,0.0,,,ALLTIME_MASS_MESSAGE_STATS - DAILY.MASS.MESSAGE.STATS(Gmail-etl adds pge name).csv,2025-09-15T22:39:34.140491Z
Wish I could cuddle in your lap right now. Or maybe grind instead of cuddle ğŸ‘…,"Sep 13, 2025 at 06:22 PM",SD Mochi,sent,-,50318,337,0,0.0,,,ALLTIME_MASS_MESSAGE_STATS - DAILY.MASS.MESSAGE.STATS(Gmail-etl adds pge name).csv,2025-09-15T22:39:34.140491Z
"âœ§ I was a lil too freaky todayâ€¦ NGL ğŸ˜³ğŸ’¦
You ever do something &amp; think, damnâ€¦ that was FREAKY af ??
That was me today.
Are you brave enough to see what I mean? ğŸ˜ˆ","Sep 13, 2025 at 06:09 PM",SD Mochi,sent,11.00,50353,350,0,0.0,,,ALLTIME_MASS_MESSAGE_STATS - DAILY.MASS.MESSAGE.STATS(Gmail-etl adds pge name).csv,2025-09-15T22:39:34.140491Z
"Guess my favorite sex position, daddyğŸ¥° if you get it right, Iâ€™ll spoil you with 90% OFF my LIFETIME VIP Just imagine how nasty Iâ€™ll show it to you insideğŸ˜˜ğŸ’•","Sep 13, 2025 at 05:56 PM",Julius Garcia,unsent,-,50655,166,0,0.0,Julius Garcia,,ALLTIME_MASS_MESSAGE_STATS - DAILY.MASS.MESSAGE.STATS(Gmail-etl adds pge name).csv,2025-09-15T22:39:34.140491Z
"Did you already cum without me?! ğŸ˜’ ğ™’ğ™¤ğ™¬â€¦ ğ™¨ğ™¤ ğ™„ ğ™¬ğ™–ğ™¨ğ™£â€™ğ™© ğ™šğ™«ğ™šğ™£ ğ™¬ğ™¤ğ™§ğ™©ğ™ ğ™©ğ™ğ™š ğ™¬ğ™–ğ™ğ™©??
ğŸ’¦ ğ—•ğ—²ğ˜ ğ˜†ğ—¼ğ˜‚ ğ—°ğ—®ğ—»â€™ğ˜ ğ—¹ğ—®ğ˜€ğ˜ ğ˜ğ—µğ—¿ğ—¼ğ˜‚ğ—´ğ—µ ğ˜ğ—µğ—¶ğ˜€ ğ—¼ğ—»ğ—² ğ˜„ğ—¶ğ˜ğ—µğ—¼ğ˜‚ğ˜ ğ—°ğ˜‚ğ—ºğ—ºğ—¶ğ—»ğ—´ ğ—®ğ—´ğ—®ğ—¶ğ—» ğŸ˜","Sep 13, 2025 at 03:59 PM",SD Mochi,sent,5.00,50356,467,2,10.0,,,ALLTIME_MASS_MESSAGE_STATS - DAILY.MASS.MESSAGE.STATS(Gmail-etl adds pge name).csv,2025-09-15T22:39:34.140491Z
"Youâ€™d find me waiting in your shirt and nothing else. What would you do first, babe? ğŸ˜ˆ","Sep 13, 2025 at 03:15 PM",SD Mochi,sent,-,50322,486,0,0.0,,,ALLTIME_MASS_MESSAGE_STATS - DAILY.MASS.MESSAGE.STATS(Gmail-etl adds pge name).csv,2025-09-15T22:39:34.140491Z
"My lifetime VIP is $1000 but for you? Iâ€™m feeling generousğŸ˜˜Just $50 and youâ€™ll get full VIP access BJ, JOI, solo play, anal, feet, cumshots even my private tapes and because I like spoiling you, Iâ€™m throwing in exclusive pics and vids you wonâ€™t find anywhere elseğŸ‘„ Hurry baby once this dealâ€™s gone itâ€™s not coming back","Sep 13, 2025 at 02:38 PM",Julius Garcia,unsent,-,50729,213,0,0.0,Julius Garcia,,ALLTIME_MASS_MESSAGE_STATS - DAILY.MASS.MESSAGE.STATS(Gmail-etl adds pge name).csv,2025-09-15T22:39:34.140491Z
Imagine me sending you panties soaked in my scent ğŸ’¦ Would you sniff them right away? ğŸ‘€,"Sep 13, 2025 at 12:15 PM",SD Mochi,sent,-,50319,575,0,0.0,,,ALLTIME_MASS_MESSAGE_STATS - DAILY.MASS.MESSAGE.STATS(Gmail-etl adds pge name).csv,2025-09-15T22:39:34.140491Z
"ğŸ”¥ Iâ€™m on my kneesâ€¦ GIVE IT TO ME ğŸ˜©ğŸ’¦
NO MORE WAITING!!!.
ğ™¸ ğ™½ğ™´ğ™´ğ™³ ğš¢ğš˜ğšğš› ğšŒğš˜ğšŒğš” ğ™³ğ™¾ğš†ğ™½ ğ™¼ğšˆ ğšƒğ™·ğšğ™¾ğ™°ğšƒ ğ™½ğ™¾ğš†â€”
ğŸ’¦ ğ™°ğš›ğš ğš¢ğš˜ğš ğšğš˜ğš—ğš—ğšŠ ğš‹ğš ğšŠ ğšğš˜ğš˜ğš ğš‹ğš˜ğš¢ ğšŠğš—ğš ğšğšğšğš ğš–ğš? ğŸ˜ˆ","Sep 13, 2025 at 12:09 PM",SD Mochi,sent,7.00,50355,587,0,0.0,,,ALLTIME_MASS_MESSAGE_STATS - DAILY.MASS.MESSAGE.STATS(Gmail-etl adds pge name).csv,2025-09-15T22:39:34.140491Z
"ğŸ˜© MY TIGHT HOLES ARE BEGGING FOR YOU, BABY ğŸ˜©
ğŸ’¦ ğ‘° ğ’ğ’†ğ’†ğ’… ğ’šğ’ğ’– ğ’•ğ’ ğ’‡ğ’Šğ’ğ’ ğ’‚ğ’ğ’ ğ’•ğ’‰ğ’“ğ’†ğ’† ğ’ğ’‡ ğ’•ğ’‰ğ’†ğ’â€¦ ğŸ©ğŸ±ğŸ‘…
ğŸ”¥ ASS. PUSSY. THROAT.
ğŸ’– Can you handle that, Daddy? Or is it too much pussy for you to take? ğŸ˜","Sep 13, 2025 at 10:50 AM",SD Mochi,sent,15.00,50357,631,0,0.0,,,ALLTIME_MASS_MESSAGE_STATS - DAILY.MASS.MESSAGE.STATS(Gmail-etl adds pge name).csv,2025-09-15T22:39:34.140491Z
"ğŸ“¸ ğ˜ ğ˜–ğ˜œ ğ˜–ğ˜’ğ˜ˆğ˜  ğ˜ğ˜ğ˜›ğ˜ ğ˜”ğ˜Œ ğ˜‹ğ˜œğ˜”ğ˜—ğ˜ğ˜•ğ˜ ğ˜›ğ˜ğ˜ğ˜š ğ˜–ğ˜• ğ˜ ğ˜–ğ˜œ? ğŸ˜
I just went through my ğ™ğ™¤ğ™©ğ™©ğ™šğ™¨ğ™©, ğ™£ğ™–ğ™ªğ™œğ™ğ™©ğ™ğ™šğ™¨ğ™©, ğ™¢ğ™¤ğ™¨ğ™© ğ™¨ğ™šğ™˜ğ™§ğ™šğ™© vids &amp; pics and damnâ€¦ I forgot how good these are.
ğŸ”¥ Close-ups, mirror shots, and full spread POVs that never shouldâ€™ve left my phone.
ğŸ’‹ Iâ€™ll send it, but only if youâ€™re ready for this. ğŸ‘€ğŸ’¦","Sep 13, 2025 at 10:02 AM",SD Mochi,sent,12.00,50356,656,1,12.0,,,ALLTIME_MASS_MESSAGE_STATS - DAILY.MASS.MESSAGE.STATS(Gmail-etl adds pge name).csv,2025-09-15T22:39:34.140491Z
"Bet youâ€™re busy, but Iâ€™d still sneak under your desk and taste you. Could you focus with me down there? ğŸ‘…","Sep 13, 2025 at 09:15 AM",SD Mochi,sent,-,50321,676,0,0.0,,,ALLTIME_MASS_MESSAGE_STATS - DAILY.MASS.MESSAGE.STATS(Gmail-etl adds pge name).csv,2025-09-15T22:39:34.140491Z
"babe! would you let me come closer to you, feel your throb, trace my fingers along your dick and suck it like a freak until you forget everything else exists??ğŸ†","Sep 13, 2025 at 09:08 AM",Klint Senarillos,unsent,-,46171,226,0,0.0,SD Mochi,,ALLTIME_MASS_MESSAGE_STATS - DAILY.MASS.MESSAGE.STATS(Gmail-etl adds pge name).csv,2025-09-15T22:39:34.140491Z
"ğŸ° ğ˜ğ˜ˆğ˜šğ˜› ğ˜ğ˜ˆğ˜™ğ˜‹ ğ˜•ğ˜– ğ˜ğ˜–ğ˜“ğ˜‹ğ˜ğ˜•ğ˜ ğ˜‰ğ˜ˆğ˜Šğ˜’â€¦ ğ˜“ğ˜Œğ˜›â€™ğ˜š ğ˜›ğ˜Œğ˜šğ˜› ğ˜›ğ˜ğ˜Œ ğ˜ğ˜Œğ˜ˆğ˜‹ğ˜‰ğ˜–ğ˜ˆğ˜™ğ˜‹ ğŸ˜ˆğŸ’¥
I need to feel you deep, ğ™›ğ™–ğ™¨ğ™©, ğ™§ğ™¤ğ™ªğ™œğ™â€¦ ğ™£ğ™¤ ğ™¨ğ™¡ğ™¤ğ™¬ ğ™¨ğ™©ğ™§ğ™¤ğ™ ğ™šğ™¨, ğ™Ÿğ™ªğ™¨ğ™© ğ™¥ğ™ªğ™§ğ™š ğ™ğ™–ğ™§ğ™™ ğ™›ğ™ªğ™˜ğ™ ğ™ğ™£ğ™œ.
ğŸ”¥ Think you can make me crumble underneath you? Or are you the one whoâ€™s gonna break first? ğŸ˜ğŸ’¦","Sep 13, 2025 at 07:59 AM",SD Mochi,sent,17.00,50359,732,0,0.0,,,ALLTIME_MASS_MESSAGE_STATS - DAILY.MASS.MESSAGE.STATS(Gmail-etl adds pge name).csv,2025-09-15T22:39:34.140491Z
Woke up drippingâ€¦ whoâ€™s bringing me breakfast in bed? ğŸ³ğŸ’¦,"Sep 13, 2025 at 07:31 AM",SD Mochi,unsent,-,50324,330,0,0.0,SD Mochi,,ALLTIME_MASS_MESSAGE_STATS - DAILY.MASS.MESSAGE.STATS(Gmail-etl adds pge name).csv,2025-09-15T22:39:34.140491Z
"I wish I was straddling you while youâ€™re still half asleep. Would you let me grind slowly on you, baby? ğŸ’‹","Sep 13, 2025 at 06:18 AM",SD Mochi,unsent,-,50325,370,0,0.0,SD Mochi,,ALLTIME_MASS_MESSAGE_STATS - DAILY.MASS.MESSAGE.STATS(Gmail-etl adds pge name).csv,2025-09-15T22:39:34.140491Z
"ğŸŒ… ğ™ˆğ™Šğ™ğ™‰ğ™„ğ™‰ğ™‚ ğ™ƒğ™€ğ˜¼ğ™â€¦ ğ™„ ğ™’ğ˜¼ğ™ ğ™ğ™Šğ™Š ğ˜¿ğ™€ğ™ğ™‹ğ™€ğ™ğ˜¼ğ™ğ™€ ğ™ğ™Š ğ™’ğ˜¼ğ™„ğ™ ğŸ˜©ğŸ’¦
I woke up soaked, still feeling every little detail of the dream I just had about you. ğŸ˜
ğŸ”¥ My hands started wandering, my fingers finding just the right spot, my hips moving before I could even thinkâ€¦
ğŸ’¦ I didnâ€™t stop at just once. Wanna watch me go over and over again? ğŸ˜˜ğŸ”¥","Sep 13, 2025 at 05:55 AM",SD Mochi,sent,15.00,50361,802,0,0.0,,,ALLTIME_MASS_MESSAGE_STATS - DAILY.MASS.MESSAGE.STATS(Gmail-etl adds pge name).csv,2025-09-15T22:39:34.140491Z
"ğŸ”¥ ğ™ƒğ™€ ğ™ğ™ƒğ™Šğ™ğ™‚ğ™ƒğ™ ğ™ğ™ƒğ™€ğ™ğ™€ ğ™’ğ™€ğ™ğ™€ ğ™…ğ™ğ™ğ™ ğ™ğ™Šğ™ ğ™ƒğ™„ğ™ˆâ€¦ ğ™‰ğ™Šğ™ ğ˜¼ğ™‰ğ™”ğ™ˆğ™Šğ™ğ™€ ğŸ˜ˆ
He swore no one else would see them, but I play by my own rules.
ğŸ’‹ Every naughty, private pic &amp; vid is yours now.
ğŸ’¦ Do you want to see what used to be his little secret? Unlock now, baby... ğŸ˜˜","Sep 13, 2025 at 03:56 AM",SD Mochi,unsent,9.00,50359,58,0,0.0,Klint Senarillos,,ALLTIME_MASS_MESSAGE_STATS - DAILY.MASS.MESSAGE.STATS(Gmail-etl adds pge name).csv,2025-09-15T22:39:34.140491Z
I bet youâ€™re still awakeâ€¦ hard and restless. Want me to drain that for you? ğŸ†,"Sep 13, 2025 at 03:06 AM",SD Mochi,unsent,-,50325,173,0,0.0,SD Mochi,,ALLTIME_MASS_MESSAGE_STATS - DAILY.MASS.MESSAGE.STATS(Gmail-etl adds pge name).csv,2025-09-15T22:39:34.140491Z
Canâ€™t sleepâ€¦ all I can think about is your cock stretching me wide. How rough would you take me? ğŸ˜,"Sep 13, 2025 at 02:20 AM",SD Mochi,unsent,-,50328,224,0,0.0,SD Mochi,,ALLTIME_MASS_MESSAGE_STATS - DAILY.MASS.MESSAGE.STATS(Gmail-etl adds pge name).csv,2025-09-15T22:39:34.140491Z
"ğŸ’µ ğ”¾ğ•Œğ”¸â„ğ”¸â„•ğ•‹ğ”¼ğ”¼ğ”» ğ”½ğ•€â„ğ•Šğ•‹-â„‚ğ•ƒğ”¸ğ•Šğ•Š ğ•ğ•€ğ”¼ğ•: ğŸ â„™ğ•€â„‚ğ•Š ğ”½ğ•†â„ $ğŸ ğŸ˜ğŸ’¦
ğŸ”¥ Zoomed in, full view, not a single detail hidden.
ğŸ’‹ Bet you canâ€™t last more than a minute looking at theseâ€¦ or will you have to tap out early?
Are you ready for the challenge? ğŸ’¦","Sep 13, 2025 at 01:37 AM",SD Mochi,sent,5.00,50364,918,0,0.0,,,ALLTIME_MASS_MESSAGE_STATS - DAILY.MASS.MESSAGE.STATS(Gmail-etl adds pge name).csv,2025-09-15T22:39:34.140491Z
Could you handle me if I crawled on top of you right now? Iâ€™d ride you until neither of us could breathe ğŸ˜ˆ,"Sep 13, 2025 at 12:25 AM",SD Mochi,unsent,-,50331,324,0,0.0,SD Mochi,,ALLTIME_MASS_MESSAGE_STATS - DAILY.MASS.MESSAGE.STATS(Gmail-etl adds pge name).csv,2025-09-15T22:39:34.140491Z
"ğŸš¨ Only sending this to 10 of you ğŸš¨ 
This bundle has some of my hottest moments, things I donâ€™t usually showâ€¦ but Iâ€™m in a giving mood ğŸ˜ First come, first served. Once itâ€™s gone, itâ€™s never coming back.","Sep 12, 2025 at 11:52 PM",SD Mochi,sent,6.00,50366,962,0,0.0,,,ALLTIME_MASS_MESSAGE_STATS - DAILY.MASS.MESSAGE.STATS(Gmail-etl adds pge name).csv,2025-09-15T22:39:34.140491Z
"I crave getting facefucked so deepâ€¦ youâ€™d enjoy watching me drool, huh? ğŸ™ˆğŸ’¦","Sep 12, 2025 at 11:11 PM",SD Mochi,unsent,-,50330,386,0,0.0,SD Mochi,,ALLTIME_MASS_MESSAGE_STATS - DAILY.MASS.MESSAGE.STATS(Gmail-etl adds pge name).csv,2025-09-15T22:39:34.140491Z
"You ever crave something so bad it keeps you up at night? ğŸ˜ˆ I got a little carried away before bed, and letâ€™s just sayâ€¦ things got messy ğŸ’¦ 
Only the real ones get to see thisâ€”donâ€™t be the last one to unlock it!","Sep 12, 2025 at 10:07 PM",SD Mochi,unsent,18.00,50365,440,0,0.0,SD Mochi,,ALLTIME_MASS_MESSAGE_STATS - DAILY.MASS.MESSAGE.STATS(Gmail-etl adds pge name).csv,2025-09-15T22:39:34.140491Z
I can still feel my toy stretching my assholeâ€¦ bet your cock would feel better ğŸ’‹,"Sep 12, 2025 at 09:09 PM",SD Mochi,unsent,-,50332,480,0,0.0,SD Mochi,,ALLTIME_MASS_MESSAGE_STATS - DAILY.MASS.MESSAGE.STATS(Gmail-etl adds pge name).csv,2025-09-15T22:39:34.140491Z
"Imagine unzipping me the second you get home. How fast would you fuck me against the door, babe? ğŸ ","Sep 12, 2025 at 08:20 PM",SD Mochi,unsent,-,50333,507,0,0.0,SD Mochi,,ALLTIME_MASS_MESSAGE_STATS - DAILY.MASS.MESSAGE.STATS(Gmail-etl adds pge name).csv,2025-09-15T22:39:34.140491Z
"âŒ TOO FILTHY TO STAY UP LONGâ€¦ âš ï¸ğŸ’¦ 
My face is buried between my own thighsâ€¦ and I just keep going.
ğŸ’¦ The wet sounds, the moans, the way my body respondsâ€¦
ğŸ’¦ This is real. Uncut. Youâ€™re getting every second.

ğŸ‘€ Unlock &amp; see me take myself further than ever before.","Sep 12, 2025 at 07:45 PM",SD Mochi,sent,13.00,50368,1076,1,13.0,,,ALLTIME_MASS_MESSAGE_STATS - DAILY.MASS.MESSAGE.STATS(Gmail-etl adds pge name).csv,2025-09-15T22:39:34.140491Z
"Dinner or dessert first? ğŸ˜ˆ Because Iâ€™d rather be spread on the table than food, baby ğŸ‘„","Sep 12, 2025 at 06:23 PM",SD Mochi,unsent,-,50330,563,0,0.0,SD Mochi,,ALLTIME_MASS_MESSAGE_STATS - DAILY.MASS.MESSAGE.STATS(Gmail-etl adds pge name).csv,2025-09-15T22:39:34.140491Z
First 6 to send their best dick pics get a FREE DICKRATE ğŸ˜ˆ,"Sep 12, 2025 at 05:14 PM",Vash,unsent,-,46540,183,0,0.0,Vash,,ALLTIME_MASS_MESSAGE_STATS - DAILY.MASS.MESSAGE.STATS(Gmail-etl adds pge name).csv,2025-09-15T22:39:34.140491Z
Youâ€™d catch me stroking myself in the car just waiting for you. What would you do if you caught me? ğŸš—,"Sep 12, 2025 at 04:21 PM",SD Mochi,unsent,-,50327,651,0,0.0,SD Mochi,,ALLTIME_MASS_MESSAGE_STATS - DAILY.MASS.MESSAGE.STATS(Gmail-etl adds pge name).csv,2025-09-15T22:39:34.140491Z
"Hey Daddy, Iâ€™m in one of those moods and I canâ€™t stop thinking about how good you make me feel. Iâ€™ve got something extra naughty I want to show you today but itâ€™s way too hot for here ğŸ”¥. Message me if you want a custom, or letâ€™s hop on VC so I can make it all about you ğŸ’‹","Sep 12, 2025 at 03:41 PM",Vash,unsent,-,47799,285,0,0.0,Vash,,ALLTIME_MASS_MESSAGE_STATS - DAILY.MASS.MESSAGE.STATS(Gmail-etl adds pge name).csv,2025-09-15T22:39:34.140491Z
"ğŸ‘ YOU WONâ€™T BE ABLE TO LOOK AWAY FROM THIS VIEWâ€¦ğŸ”¥ 
ğŸ’¥ I arched my back, spread my cheeks, let my fingers run over my soft, round skinâ€¦
ğŸ’¥ The camera is locked on, zoomed in, capturing every bounce, every jiggle, every little tease.
ğŸ’¥ I know exactly how to make you ache for me.

ğŸ”“ Unlock &amp; see my favorite view of myself.","Sep 12, 2025 at 03:39 PM",SD Mochi,sent,7.00,50362,1178,0,0.0,,,ALLTIME_MASS_MESSAGE_STATS - DAILY.MASS.MESSAGE.STATS(Gmail-etl adds pge name).csv,2025-09-15T22:39:34.140491Z
Iâ€™m in a mood right now. Send me your best shot ğŸ†ğŸ˜ˆ Letâ€™s see what youâ€™re working with ğŸ˜,"Sep 12, 2025 at 02:37 PM",Vash,unsent,-,46666,179,0,0.0,Vash,,ALLTIME_MASS_MESSAGE_STATS - DAILY.MASS.MESSAGE.STATS(Gmail-etl adds pge name).csv,2025-09-15T22:39:34.140491Z
"Imagine me between your legs, moaning while I wrap my lips around you ğŸ‘„","Sep 12, 2025 at 02:16 PM",SD Mochi,unsent,-,50325,225,0,0.0,SD Mochi,,ALLTIME_MASS_MESSAGE_STATS - DAILY.MASS.MESSAGE.STATS(Gmail-etl adds pge name).csv,2025-09-15T22:39:34.140491Z
"ğŸ”— Iâ€™M IN FULL CONTROLâ€¦ AND YOU HAVE TO OBEY ME ğŸ˜ˆğŸ”¥ 
""Stroke slow. Breathe deep. Keep your hands exactly where I tell you.""

ğŸ’¥ I want to hear you moanâ€¦ I want to hear you struggle to hold backâ€¦ but you donâ€™t get to finish until I say so.
ğŸ’¥ Iâ€™ll tell you exactly what to do, exactly how to touch yourself, exactly when to let go.

ğŸ’¦ Unlock &amp; follow every filthy command.","Sep 12, 2025 at 01:58 PM",SD Mochi,sent,14.00,50358,1227,0,0.0,,,ALLTIME_MASS_MESSAGE_STATS - DAILY.MASS.MESSAGE.STATS(Gmail-etl adds pge name).csv,2025-09-15T22:39:34.140491Z
"I want to be entertained. Send me your bestğŸ†, and maybe Iâ€™ll let you know if itâ€™s worth my timeğŸ™ˆ","Sep 12, 2025 at 12:25 PM",Vash,unsent,-,46664,222,0,0.0,Vash,,ALLTIME_MASS_MESSAGE_STATS - DAILY.MASS.MESSAGE.STATS(Gmail-etl adds pge name).csv,2025-09-15T22:39:34.140491Z
"ğŸ”¥ I DIDNâ€™T EVEN KNOW I COULD BEND LIKE THISâ€¦ ğŸ˜ˆğŸ’¦ 
I arched my back, spread my legs wider than ever, let my hands explore every inch of myself.
ğŸ’¦ My hips rolled, my body opened up, and I felt everything deeper.
ğŸ’¦ Youâ€™ve never seen me like this before.

ğŸ’¥ Unlock &amp; see what I did when I pushed my limits.","Sep 12, 2025 at 12:03 PM",SD Mochi,sent,14.00,50357,1261,0,0.0,,,ALLTIME_MASS_MESSAGE_STATS - DAILY.MASS.MESSAGE.STATS(Gmail-etl adds pge name).csv,2025-09-15T22:39:34.140491Z
"ğŸ¥  I WOKE UP SOAKEDâ€¦ SO I GRABBED MY FAVORITE TOY ğŸ’¦ 
ğŸ’¥ The second I slid it inside, my breath caught, my thighs clenched, my moans got louder.
ğŸ’¥ I wasnâ€™t planning on recordingâ€¦ but I needed to share this.

ğŸ‘€ Unlock &amp; wake up with me. ğŸ’¦","Sep 12, 2025 at 11:53 AM",SD Mochi,sent,23.00,50357,1269,0,0.0,,,ALLTIME_MASS_MESSAGE_STATS - DAILY.MASS.MESSAGE.STATS(Gmail-etl adds pge name).csv,2025-09-15T22:39:34.140491Z
"By now, Iâ€™d be on my knees begging to taste you. How long would you make me stay down there? ğŸ‘„","Sep 12, 2025 at 11:13 AM",SD Mochi,unsent,-,50322,361,0,0.0,SD Mochi,,ALLTIME_MASS_MESSAGE_STATS - DAILY.MASS.MESSAGE.STATS(Gmail-etl adds pge name).csv,2025-09-15T22:39:34.140491Z
"ğŸ†ğŸ‘¯â€â™€ï¸ RARE BESTIE BJ &amp; DEEPTHROAT ğŸ’¦ğŸ”¥
New &amp; UNSEEN ğŸ‘€ Me &amp; my bestie take turns gagging on a MONSTER dildo ğŸ˜ˆğŸ’
Sloppy, intense, drippingâ€”our throats fighting to take it ALL the way down ğŸ¤¤ğŸ’‹
You wonâ€™t find a session like this anywhere elseâ€¦ this oneâ€™s a first, Daddy ğŸ”¥ğŸ†

15 MINS VID","Sep 12, 2025 at 11:02 AM",SD Mochi,sent,35.00,50358,1297,1,35.0,,,ALLTIME_MASS_MESSAGE_STATS - DAILY.MASS.MESSAGE.STATS(Gmail-etl adds pge name).csv,2025-09-15T22:39:34.140491Z
"ğŸ˜± FORBIDDEN FILES LEAK ğŸ˜±

This feels almost too dirty to shareâ€¦ my rarest tapes EVER ğŸ˜©ğŸ”¥ Worth $450, but Iâ€™m letting them go for 98% OFF for a few hours only ğŸš¨
Unlock and prove youâ€™re one of my most loyal fans â€” Iâ€™ll drop something FREE on top just to show you how much you turn me on ğŸ˜ğŸ’‹","Sep 12, 2025 at 09:59 AM",SD Mochi,sent,9.00,50358,1313,2,18.0,,,ALLTIME_MASS_MESSAGE_STATS - DAILY.MASS.MESSAGE.STATS(Gmail-etl adds pge name).csv,2025-09-15T22:39:34.140491Z
Ever tried fucking someone in the shower before heading out?ğŸš¿ Iâ€™d make sure your whole day smelled like me ğŸ’—,"Sep 12, 2025 at 09:17 AM",SD Mochi,unsent,-,50323,153,0,0.0,SD Mochi,,ALLTIME_MASS_MESSAGE_STATS - DAILY.MASS.MESSAGE.STATS(Gmail-etl adds pge name).csv,2025-09-15T22:39:34.140491Z
"ğŸ’¦ Unseen Filthy Fuck Drop ğŸ˜ğŸ”¥
He split me wide open with every deep thrust ğŸ†ğŸ’£ I was dripping, moaning, begging for more while he used me like his perfect fucktoy ğŸ¤¤ğŸ’‹
This tapeâ€™s so filthy youâ€™ll wanna watch me get wrecked again &amp; again ğŸ˜ˆğŸ‘…","Sep 12, 2025 at 08:04 AM",SD Mochi,sent,24.00,50358,1362,0,0.0,,,ALLTIME_MASS_MESSAGE_STATS - DAILY.MASS.MESSAGE.STATS(Gmail-etl adds pge name).csv,2025-09-15T22:39:34.140491Z
If I bent over the table right nowâ€¦ would you fuck me before work? ğŸ˜ˆ,"Sep 12, 2025 at 07:13 AM",SD Mochi,unsent,-,50325,240,0,0.0,SD Mochi,,ALLTIME_MASS_MESSAGE_STATS - DAILY.MASS.MESSAGE.STATS(Gmail-etl adds pge name).csv,2025-09-15T22:39:34.140491Z
Been fantasizing about your hard cock all dayâ€¦ How would you fuck my wet pussy if we were alone?,"Sep 12, 2025 at 06:55 AM",Klint Senarillos,unsent,-,46300,87,0,0.0,SD Mochi,,ALLTIME_MASS_MESSAGE_STATS - DAILY.MASS.MESSAGE.STATS(Gmail-etl adds pge name).csv,2025-09-15T22:39:34.140491Z
"ğŸš¨ğŸ¤­ ğ‘¼ğ‘µğ‘ºğ‘¬ğ‘¬ğ‘µ ğ‘©ğ‘¶ğ‘¼ğ‘µğ‘ªğ’€ ğ‘»ğ‘°ğ‘»ğ‘º ğ‘«ğ‘¹ğ‘¶ğ‘· ğŸ¤­ğŸš¨
Youâ€™ve NEVER seen me like this beforeâ€¦ tits bouncing in your face, nipples perky, me moaning like a bad girl caught on tape ğŸ˜ğŸ’This rare solo is hot AF &amp; fresh off my cam ğŸ¥ğŸ’¦
Snag it NOW for 50% OFF before I lock it away ğŸ’","Sep 12, 2025 at 06:02 AM",SD Mochi,sent,12.00,50358,1396,0,0.0,,,ALLTIME_MASS_MESSAGE_STATS - DAILY.MASS.MESSAGE.STATS(Gmail-etl adds pge name).csv,2025-09-15T22:39:34.140491Z
Youâ€™d feel me dripping before breakfast even started. Would you eat me clean first? ğŸ‘,"Sep 12, 2025 at 05:15 AM",SD Mochi,unsent,-,50322,158,0,0.0,SD Mochi,,ALLTIME_MASS_MESSAGE_STATS - DAILY.MASS.MESSAGE.STATS(Gmail-etl adds pge name).csv,2025-09-15T22:39:34.140491Z
"ğŸ”¥ ğ‘»ğ‘¶ğ‘¶ğ‘² ğ‘´ğ’€ ğ‘¬ğ‘¿â€™ğ‘º ğ‘©ğ‘¾ğ‘ª &amp; ğ‘ªğ‘¶ğ‘¼ğ‘³ğ‘«ğ‘µâ€™ğ‘» ğ‘¾ğ‘¨ğ‘³ğ‘² ğ‘¨ğ‘­ğ‘»ğ‘¬ğ‘¹ ğŸ¥µğŸ’¦ I was feeling too good after brunchâ€¦ So I hit record when I knew things were about to get filthy ğŸ˜ˆ ğŸ‘…ğŸ† 

ğŸ’¦ Messy throat-fucking with deep strokes &amp; moans ğŸ«¦ POV angles so close youâ€™ll feel like you were the one stretching me ğŸ‘ Bent over the couch, taking every inch while dripping on the sheets ğŸ˜®â€ğŸ’¨ No script, no breaksâ€”just raw, sloppy, unplanned fuck energy 

This was never meant to be filmedâ€¦ but I couldnâ€™t help myself ğŸ˜ Unlock it now and watch my exâ€™s BWC ruin me like only he knew howğŸ† Bet youâ€™ll cum before I do ğŸ˜˜ğŸ’¦","Sep 12, 2025 at 03:56 AM",SD Mochi,sent,19.00,50347,1430,0,0.0,,,ALLTIME_MASS_MESSAGE_STATS - DAILY.MASS.MESSAGE.STATS(Gmail-etl adds pge name).csv,2025-09-15T22:39:34.140491Z
I bet youâ€™re still awakeâ€¦ hard and restless. Want me to drain that for you? ğŸ†,"Sep 12, 2025 at 03:16 AM",SD Mochi,unsent,-,50284,140,0,0.0,SD Mochi,,ALLTIME_MASS_MESSAGE_STATS - DAILY.MASS.MESSAGE.STATS(Gmail-etl adds pge name).csv,2025-09-15T22:39:34.140491Z
"Imagine me riding your cock, moaning loud just for you ğŸ‘„","Sep 12, 2025 at 02:15 AM",SD Mochi,unsent,-,50253,193,0,0.0,SD Mochi,,ALLTIME_MASS_MESSAGE_STATS - DAILY.MASS.MESSAGE.STATS(Gmail-etl adds pge name).csv,2025-09-15T22:39:34.140491Z
"ğŸ†ğŸ’‹ STEP-SIS SUCK SESSIONğŸ’¦ğŸ”¥
Brand new &amp; never seen ğŸ‘€ Watch me teach my step-sis how to take a fat cock deep, sloppy &amp; dripping ğŸ¤¤ğŸ’","Sep 12, 2025 at 01:36 AM",SD Mochi,sent,17.00,50204,1458,0,0.0,,,ALLTIME_MASS_MESSAGE_STATS - DAILY.MASS.MESSAGE.STATS(Gmail-etl adds pge name).csv,2025-09-15T22:39:34.140491Z
Could you handle me if I crawled on top of you right now? Iâ€™d ride you until neither of us could breathe ğŸ˜ˆ,"Sep 12, 2025 at 12:12 AM",SD Mochi,unsent,-,50184,287,0,0.0,SD Mochi,,ALLTIME_MASS_MESSAGE_STATS - DAILY.MASS.MESSAGE.STATS(Gmail-etl adds pge name).csv,2025-09-15T22:39:34.140491Z
"ğŸ† ğ†ğ‘ğ€ğğƒ ğğ‘ğˆğ™ğ„ ğƒğ‘ğğ ğŸ¥‡ğŸ”¥
I just started a new traditionâ€¦ every day Iâ€™ll handpick ONLY 5 people to spoil with a massive content drop for just $5 ğŸ¤¯ Thatâ€™s over $1000 worth of my dirtiest vids and pics â€” guaranteed to make you explode in seconds ğŸ˜®â€ğŸ’¨ğŸ”¥
â³ Claim your prize now before I hand it to the next winner ğŸğŸ’Œ","Sep 11, 2025 at 11:52 PM",SD Mochi,sent,5.00,50186,1484,6,30.0,,,ALLTIME_MASS_MESSAGE_STATS - DAILY.MASS.MESSAGE.STATS(Gmail-etl adds pge name).csv,2025-09-15T22:39:34.140491Z
Whoâ€™s jerking off for me right now? Donâ€™t lie ğŸ˜ˆğŸ†,"Sep 11, 2025 at 11:17 PM",SD Mochi,unsent,-,50154,352,0,0.0,SD Mochi,,ALLTIME_MASS_MESSAGE_STATS - DAILY.MASS.MESSAGE.STATS(Gmail-etl adds pge name).csv,2025-09-15T22:39:34.140491Z
"ğŸ”¥ ğµğ¸ğ’®ğ’¯ğ¼ğ¸ ğ’®ğ¸ğ’ğ‘…ğ¸ğ’¯ğ’® ğŸ’‹ğŸ‘­
Just me &amp; my bestieâ€¦ soft skin on skin, giggling while we tease each otherâ€™s hot curvesğŸ˜ˆğŸ’ Our lips so close, tasting every playful kiss ğŸ‘…ğŸ’¦ Youâ€™ll feel the heat through every vidâ€¦ itâ€™s flirty, filthy &amp; too good to resist ğŸ‘ğŸ’‹
ğŸ‘‰ Only $15 for this naughty little set â€” once you see us together, youâ€™ll want more ğŸ˜ğŸ”¥","Sep 11, 2025 at 09:50 PM",SD Mochi,sent,15.00,50192,1525,0,0.0,,,ALLTIME_MASS_MESSAGE_STATS - DAILY.MASS.MESSAGE.STATS(Gmail-etl adds pge name).csv,2025-09-15T22:39:34.140491Z
I want my pussy stretched and ruined tonightâ€¦ any takers? ğŸ˜ğŸ’¦,"Sep 11, 2025 at 09:11 PM",SD Mochi,unsent,-,50161,434,0,0.0,SD Mochi,,ALLTIME_MASS_MESSAGE_STATS - DAILY.MASS.MESSAGE.STATS(Gmail-etl adds pge name).csv,2025-09-15T22:39:34.140491Z
Wish your cock was stuffed inside me already ğŸ˜®â€ğŸ’¨ğŸ† my pussy wonâ€™t shut up tonight ğŸ’¦,"Sep 11, 2025 at 08:11 PM",SD Mochi,unsent,-,50445,506,0,0.0,SD Mochi,,ALLTIME_MASS_MESSAGE_STATS - DAILY.MASS.MESSAGE.STATS(Gmail-etl adds pge name).csv,2025-09-15T22:39:34.140491Z
"ğŸ’‹ My NEW Filthy Fuck Tape ğŸ¤¤
His cock had me moaning nonstopâ€¦ ğŸ˜®â€ğŸ’¨ stretched wide open &amp; dripping everywhere ğŸ”¥ You wonâ€™t believe how wrecked he left me ğŸ‘€ğŸ’¦ 
Unlock it &amp; see for yourself, Daddy ğŸ˜ˆ","Sep 11, 2025 at 07:43 PM",SD Mochi,sent,24.00,50198,1574,0,0.0,,,ALLTIME_MASS_MESSAGE_STATS - DAILY.MASS.MESSAGE.STATS(Gmail-etl adds pge name).csv,2025-09-15T22:39:34.140491Z
craving for some thickğŸ†ğŸ¤¤ First 5 to send their best dick pics get a FREE DICKRATE ğŸ˜ˆ,"Sep 11, 2025 at 06:43 PM",Vash,unsent,-,46390,112,0,0.0,Vash,,ALLTIME_MASS_MESSAGE_STATS - DAILY.MASS.MESSAGE.STATS(Gmail-etl adds pge name).csv,2025-09-15T22:39:34.140491Z
"ğŸ†ğŸ”¥ ğ–ğˆğğğˆğğ† ğ/ğ† ğ’ğ‚ğ„ğğ„ğ’ 2025 ğŸ”¥ğŸ†
Only the nastiest wins this round, baby ğŸ’¦ Every scene wetter, rougher, and harder than the last ğŸ˜ˆ No edits. No filters. Just intense porn power ğŸ…

ğŸ† Deep throat on a huge cock
ğŸ¤¤ Hard missionary
ğŸ’‹ Riding thick in cowgirl
ğŸ˜ˆ Deep pounding doggy

All this champâ€™s fuckfest is yours for just $15 â€” but only if you unlock before the crown slips to someone else â³ğŸ’‹","Sep 11, 2025 at 06:19 PM",SD Mochi,sent,15.00,50200,1617,5,75.0,,,ALLTIME_MASS_MESSAGE_STATS - DAILY.MASS.MESSAGE.STATS(Gmail-etl adds pge name).csv,2025-09-15T22:39:34.140491Z
"My tits are bouncing while I play with my clit ğŸ«¦ğŸ‘… youâ€™d grab them and fuck me harder, right?","Sep 11, 2025 at 06:17 PM",SD Mochi,unsent,-,50200,578,0,0.0,SD Mochi,,ALLTIME_MASS_MESSAGE_STATS - DAILY.MASS.MESSAGE.STATS(Gmail-etl adds pge name).csv,2025-09-15T22:39:34.140491Z
"ğŸ’¦ğŸ”¥ Å°ÅƒÅ›Ã‰Ã‰Åƒ áº‚Ã‰T &amp; áº‚Ã­Ä¹D FÅ°Ä†á¸° Å›HÅáº‚ ğŸ‘€ğŸ‘
Nipples hard, pussy glistening under the lightâ€¦ my moans got louder with every sloppy thrust ğŸ˜©ğŸ’¦ But you wonâ€™t believe what happened when the vibrator went in ğŸ‘€ğŸ’£
So raw. So nasty. So loud. â°
Unlock now, Daddy â€” before this filthy show disappears ğŸ˜ˆğŸ”“","Sep 11, 2025 at 04:24 PM",SD Mochi,sent,12.00,50203,1659,0,0.0,,,ALLTIME_MASS_MESSAGE_STATS - DAILY.MASS.MESSAGE.STATS(Gmail-etl adds pge name).csv,2025-09-15T22:39:34.140491Z
I get so horny just thinking about you bending me over right now ğŸ˜ğŸ’¦,"Sep 11, 2025 at 04:18 PM",SD Mochi,unsent,-,50168,653,0,0.0,SD Mochi,,ALLTIME_MASS_MESSAGE_STATS - DAILY.MASS.MESSAGE.STATS(Gmail-etl adds pge name).csv,2025-09-15T22:39:34.140491Z
"can i askÂ  question baby, tell me what kind of content make that cock throb so bad ğŸ™ˆğŸ’¦","Sep 11, 2025 at 03:59 PM",Vash,unsent,-,46512,269,0,0.0,Vash,,ALLTIME_MASS_MESSAGE_STATS - DAILY.MASS.MESSAGE.STATS(Gmail-etl adds pge name).csv,2025-09-15T22:39:34.140491Z
Iâ€™m all worked up and thinking about you. Show me what Iâ€™ve been craving ğŸ˜,"Sep 11, 2025 at 03:14 PM",Vash,unsent,-,46512,109,0,0.0,Vash,,ALLTIME_MASS_MESSAGE_STATS - DAILY.MASS.MESSAGE.STATS(Gmail-etl adds pge name).csv,2025-09-15T22:39:34.140491Z
"My mouthâ€™s bored, wanna give it something to play with, Daddy? ğŸ‘…ğŸ†","Sep 11, 2025 at 02:16 PM",SD Mochi,unsent,-,50169,726,0,0.0,SD Mochi,,ALLTIME_MASS_MESSAGE_STATS - DAILY.MASS.MESSAGE.STATS(Gmail-etl adds pge name).csv,2025-09-15T22:39:34.140491Z
you there babyğŸ‘€ fckking needy rn. how about let's hop on vidcall?ğŸ¥°,"Sep 11, 2025 at 02:02 PM",Vash,unsent,-,46515,176,0,0.0,Vash,,ALLTIME_MASS_MESSAGE_STATS - DAILY.MASS.MESSAGE.STATS(Gmail-etl adds pge name).csv,2025-09-15T22:39:34.140491Z
"ğŸ”¥ ğ‘¬ğ’™ ğ‘¹ğ’†ğ’–ğ’ğ’Šğ’ğ’ ğ‘©ğ‘¾ğ‘ª ğ‘­ğ’–ğ’„ğ’Œ ğŸ†ğŸ’¦
Left alone with my exâ€¦ and I couldnâ€™t resist ğŸ˜ğŸ’‹ I dropped to my knees, spit dripping as I gagged on his fat BWC ğŸ¤¤ğŸ’¦ Then he bent me over â€” my pussy soaked, stretched wide, begging for more as he pounded me hard ğŸ‘ğŸ”¥
ğŸ‘‰ You wonâ€™t believe how deep he went â€” unlock now &amp; see every messy second ğŸ˜ˆğŸ’¦","Sep 11, 2025 at 01:41 PM",SD Mochi,sent,19.00,50205,1729,0,0.0,,,ALLTIME_MASS_MESSAGE_STATS - DAILY.MASS.MESSAGE.STATS(Gmail-etl adds pge name).csv,2025-09-15T22:39:34.140491Z
woke up soaked baby. and i wonder how that dick slide eassily on my wet pussy rn.ğŸ™ˆ wanna see it?,"Sep 11, 2025 at 12:42 PM",Vash,unsent,-,46518,222,0,0.0,SD Mochi,,ALLTIME_MASS_MESSAGE_STATS - DAILY.MASS.MESSAGE.STATS(Gmail-etl adds pge name).csv,2025-09-15T22:39:34.140491Z
"ğŸ’¦ Î²ğ‘’ğ“¼ï¼´á¥ğ‘’ ï¼–â¾ ğ“¼ğ•ƒğ“¾ï¼´ Æ¤ğ•ƒğ€×¥ ğŸ”¥
She swore only I could touch herâ€¦ but I had to taste her pussy ğŸ¤¤ğŸ‘ We went straight into 69ğŸ‘…faces buried, tongues flicking clits, eating each other hard while moaning loud ğŸ˜ğŸ’‹","Sep 11, 2025 at 12:10 PM",SD Mochi,sent,20.00,50206,1759,1,20.0,,,ALLTIME_MASS_MESSAGE_STATS - DAILY.MASS.MESSAGE.STATS(Gmail-etl adds pge name).csv,2025-09-15T22:39:34.140491Z
"âš¡ï¸ğŸš¨ $5 FLASH DEAL ğŸš¨âš¡ï¸
Over $1,000 worth of my dirtiest content locked in one insane drop ğŸ˜ˆğŸ’¦ Only for TODAYâ€”donâ€™t miss it! ğŸ”¥","Sep 11, 2025 at 11:16 AM",SD Mochi,sent,5.00,50207,1776,5,25.0,,,ALLTIME_MASS_MESSAGE_STATS - DAILY.MASS.MESSAGE.STATS(Gmail-etl adds pge name).csv,2025-09-15T22:39:34.140491Z
"Wanna spank me until my ass jiggles for you, baby? ğŸ‘ğŸ‘‹","Sep 11, 2025 at 11:13 AM",SD Mochi,unsent,-,50171,91,0,0.0,SD Mochi,,ALLTIME_MASS_MESSAGE_STATS - DAILY.MASS.MESSAGE.STATS(Gmail-etl adds pge name).csv,2025-09-15T22:39:34.140491Z
"ğŸ‘€ğŸ”¥ RARE INTENSE FUCK TAPE ğŸ”¥ğŸ‘€
This oneâ€™s a real treatâ€¦ raw, uncut &amp; nasty. ğŸ‘ Watch me take him in every positionâ€”moaning loud, dripping wet, begging for more ğŸ˜µâ€ğŸ’«ğŸ’¦ The way he flips me to pound me deep in doggyâ€¦ youâ€™ll see why I couldnâ€™t stop screaming ğŸ¥µ Only for the ones who deserve the rarest side of me. ğŸ˜ˆ","Sep 11, 2025 at 09:50 AM",SD Mochi,sent,19.00,50207,1802,0,0.0,,,ALLTIME_MASS_MESSAGE_STATS - DAILY.MASS.MESSAGE.STATS(Gmail-etl adds pge name).csv,2025-09-15T22:39:34.140491Z
Eggs? Toast? Or me bent over the counter dripping for you ğŸ‘ğŸ’¦,"Sep 11, 2025 at 09:17 AM",SD Mochi,unsent,-,50171,190,0,0.0,SD Mochi,,ALLTIME_MASS_MESSAGE_STATS - DAILY.MASS.MESSAGE.STATS(Gmail-etl adds pge name).csv,2025-09-15T22:39:34.140491Z
"ğŸ’¦ ğ˜–ğ˜¬ğ˜¢y... ğ˜šğ˜° ğ˜”ğ˜¢ğ˜ºğ˜£ğ˜¦ ğ˜›ğ˜©ğ˜ªğ˜´ ğ˜›ğ˜°ğ˜º ğ˜ğ˜¢ğ˜´ ğ˜¢ ğ˜‰ğ˜ªğ˜µ ğ˜›ğ˜°ğ˜° ğ˜‰ğ˜ªğ˜¨â€¦ ğŸ’¦
I swear I was just gonna tease myself with itâ€¦ but the second I felt it slide inside, stretching me wide open, making my toes curl, I couldnâ€™t stop.
I kept going, rocking my hips, moaning like a total mess, dripping all over my sheets.
ğŸ”¥ Now I need you to see just how deep I took it. Think you can handle watching me fall apart? ğŸ˜ˆğŸ’¦","Sep 11, 2025 at 08:00 AM",SD Mochi,sent,17.00,50206,1835,0,0.0,,,ALLTIME_MASS_MESSAGE_STATS - DAILY.MASS.MESSAGE.STATS(Gmail-etl adds pge name).csv,2025-09-15T22:39:34.140491Z
Skipped breakfast â€˜cause Iâ€™d rather swallow your cock milk ğŸ˜ğŸ¥›,"Sep 11, 2025 at 07:12 AM",SD Mochi,unsent,-,50174,259,0,0.0,SD Mochi,,ALLTIME_MASS_MESSAGE_STATS - DAILY.MASS.MESSAGE.STATS(Gmail-etl adds pge name).csv,2025-09-15T22:39:34.140491Z
"ğŸ‘ ğ‘†ğ‘–ğ‘¡ ğ·ğ‘œğ‘¤ğ‘›, ğ‘†â„ğ‘¢ğ‘¡ ğ‘ˆğ‘, ğ‘ğ‘›ğ‘‘ ğ‘Šğ‘œğ‘Ÿğ‘ â„ğ‘–ğ‘ ğ‘€ğ‘’ğŸ‘
Get on your knees and put your mouth to work.
I want you licking, sucking, biting, burying your face between my cheeks like you were made to be there.
Donâ€™t stop until Iâ€™m grinding against your tongue, dripping all over your face, and moaning your name.
Good boys get rewardedâ€¦ bad boys get punished. Which one are you? ğŸ˜ğŸ”¥","Sep 11, 2025 at 05:56 AM",SD Mochi,sent,10.00,50209,1864,2,20.0,,,ALLTIME_MASS_MESSAGE_STATS - DAILY.MASS.MESSAGE.STATS(Gmail-etl adds pge name).csv,2025-09-15T22:39:34.140491Z
Forget happy hourâ€¦ letâ€™s make it â€œcum inside me hour.â€ I want you to fill me until I canâ€™t walk straight ğŸ”¥,"Sep 11, 2025 at 05:16 AM",SD Mochi,unsent,-,50174,126,0,0.0,SD Mochi,,ALLTIME_MASS_MESSAGE_STATS - DAILY.MASS.MESSAGE.STATS(Gmail-etl adds pge name).csv,2025-09-15T22:39:34.140491Z
"âœ¨ ğğ¨ğ©ğ¬â€¦ ğˆ ğ–ğšğ¬ ğ‰ğ®ğ¬ğ­ ğ“ğ«ğ²ğ¢ğ§ğ  ğ­ğ¨ ğ“ğšğ¤ğ ğš ğ‚ğ®ğ­ğ ğğ¢ğœ ğŸ‘€
I was lying in bed, feeling all cuteâ€¦ I swear I wasnâ€™t gonna go all the wayâ€¦ but fuck, I got carried away. 
Now Iâ€™m dripping, gasping, grinding against my own handâ€” and the camera caught every second.
ğŸ’‹ Guess that means you get to see exactly how messy I got. ğŸ˜ğŸ”¥","Sep 11, 2025 at 03:58 AM",SD Mochi,unsent,15.00,50209,1573,0,0.0,SD Mochi,,ALLTIME_MASS_MESSAGE_STATS - DAILY.MASS.MESSAGE.STATS(Gmail-etl adds pge name).csv,2025-09-15T22:39:34.140491Z
"If I sat on your lap right now, grinding slow, would you stop me or let everyone watch? Iâ€™d moan in your ear until you couldnâ€™t take it anymore ğŸ’¦","Sep 11, 2025 at 03:16 AM",SD Mochi,unsent,-,50176,136,0,0.0,SD Mochi,,ALLTIME_MASS_MESSAGE_STATS - DAILY.MASS.MESSAGE.STATS(Gmail-etl adds pge name).csv,2025-09-15T22:39:34.140491Z
"If I woke you up sucking your cock, would you let me finish? ğŸ˜ˆ","Sep 11, 2025 at 02:16 AM",SD Mochi,unsent,-,50178,177,0,0.0,SD Mochi,,ALLTIME_MASS_MESSAGE_STATS - DAILY.MASS.MESSAGE.STATS(Gmail-etl adds pge name).csv,2025-09-15T22:39:34.140491Z
"ğŸ”¥ ğ‘±ğ‘¶ğ‘° &amp; ğ‘«ğ’Šğ’ğ’…ğ’ ğ‘·ğ’ğ’‚ğ’š ğ‘¾ğ’Šğ’•ğ’‰ ğ‘¬ğ’šğ’† ğ‘ªğ’ğ’ğ’•ğ’‚ğ’„ğ’•ğŸ˜
Look me in the eyes while I stroke this dildo like itâ€™s your cock ğŸ‘€ğŸ† Every moanâ€™s for you, Daddyâ€¦ donâ€™t look away ğŸ’¦ğŸ’‹","Sep 11, 2025 at 01:34 AM",SD Mochi,sent,14.00,50217,1944,1,14.0,,,ALLTIME_MASS_MESSAGE_STATS - DAILY.MASS.MESSAGE.STATS(Gmail-etl adds pge name).csv,2025-09-15T22:39:34.140491Z
Iâ€™d sit across from you at lunch with no panties on. Would you finger me under the table until I soaked your hand? ğŸ’‹,"Sep 11, 2025 at 12:15 AM",SD Mochi,unsent,-,50188,280,0,0.0,SD Mochi,,ALLTIME_MASS_MESSAGE_STATS - DAILY.MASS.MESSAGE.STATS(Gmail-etl adds pge name).csv,2025-09-15T22:39:34.140491Z
"I was pinned, my breath catching, completely at his mercyâ€¦ the way he took he took his time, teasing me until I couldnâ€™t take it anymore ğŸ˜ This one is dangerously addictive.","Sep 11, 2025 at 12:08 AM",SD Mochi,unsent,20.00,50224,1667,0,0.0,SD Mochi,,ALLTIME_MASS_MESSAGE_STATS - DAILY.MASS.MESSAGE.STATS(Gmail-etl adds pge name).csv,2025-09-15T22:39:34.140491Z
Whatâ€™s more relaxing: a massage or me riding you slow? ğŸ’†â€â™‚ï¸,"Sep 10, 2025 at 11:14 PM",SD Mochi,unsent,-,50189,342,0,0.0,SD Mochi,,ALLTIME_MASS_MESSAGE_STATS - DAILY.MASS.MESSAGE.STATS(Gmail-etl adds pge name).csv,2025-09-15T22:39:34.140491Z
"ğŸ’Œ Special access granted ğŸ’Œ
 Iâ€™m letting only 5 people into my private vault tonightâ€¦ do you think you can handle this? ğŸ˜ Once this is gone, I wonâ€™t be resending.","Sep 10, 2025 at 10:05 PM",SD Mochi,sent,5.00,50223,2014,3,15.0,,,ALLTIME_MASS_MESSAGE_STATS - DAILY.MASS.MESSAGE.STATS(Gmail-etl adds pge name).csv,2025-09-15T22:39:34.140491Z
Did you eat dinnerâ€¦ or should I feed you something creamy? ğŸ½ï¸ğŸ¤¤,"Sep 10, 2025 at 09:20 PM",SD Mochi,unsent,-,50188,423,0,0.0,SD Mochi,,ALLTIME_MASS_MESSAGE_STATS - DAILY.MASS.MESSAGE.STATS(Gmail-etl adds pge name).csv,2025-09-15T22:39:34.140491Z
"If I showed up at your door dripping wet, what would you do first? ğŸ˜ˆ","Sep 10, 2025 at 08:15 PM",SD Mochi,unsent,-,50189,466,0,0.0,SD Mochi,,ALLTIME_MASS_MESSAGE_STATS - DAILY.MASS.MESSAGE.STATS(Gmail-etl adds pge name).csv,2025-09-15T22:39:34.140491Z
"ğ‘©ğ‘¬ğ‘ºğ‘» ğ‘®/ğ‘® ğ‘·ğ‘³ğ‘¨ğ’€ ğŸ’—
We woke up feeling a littleâ€¦ restless ğŸ˜ One thing led to another, and next thing you know, we were tangled up, hands exploring, lips teasing, bodies pressed so close. If you love it when Iâ€™m feeling extra naughty, this oneâ€™s for you ğŸ˜ˆ","Sep 10, 2025 at 07:57 PM",SD Mochi,unsent,15.00,50224,1752,0,0.0,SD Mochi,,ALLTIME_MASS_MESSAGE_STATS - DAILY.MASS.MESSAGE.STATS(Gmail-etl adds pge name).csv,2025-09-15T22:39:34.140491Z
"kinda bored rn baby, how about let's hop on vidcallğŸ¥°","Sep 10, 2025 at 07:02 PM",Vash,unsent,-,46534,529,0,0.0,SD Mochi,,ALLTIME_MASS_MESSAGE_STATS - DAILY.MASS.MESSAGE.STATS(Gmail-etl adds pge name).csv,2025-09-15T22:39:34.140491Z
"Imagine unzipping me the second you get home. How fast would you fuck me against the door, baby? ğŸ ","Sep 10, 2025 at 06:15 PM",SD Mochi,unsent,-,50190,539,0,0.0,SD Mochi,,ALLTIME_MASS_MESSAGE_STATS - DAILY.MASS.MESSAGE.STATS(Gmail-etl adds pge name).csv,2025-09-15T22:39:34.140491Z
i'm craving for some thickğŸ† First 10 to send their best dick pics get a FREE DICKRATE ğŸ˜ˆ,"Sep 10, 2025 at 05:47 PM",Vash,unsent,-,46532,1790,0,0.0,SD Mochi,,ALLTIME_MASS_MESSAGE_STATS - DAILY.MASS.MESSAGE.STATS(Gmail-etl adds pge name).csv,2025-09-15T22:39:34.140491Z
"RATED 10/10: BEST BLOWJOB OF MY LIFE ğŸ‘€ğŸ†
Fans are going crazy over this one. So hereâ€™s the question:ğŸ‘…ğŸ’¦
Would you give my lips, my technique, and my throat skills a 10/10 too?
I got sloppy, deep, and dripping in thisâ€¦ and I think youâ€™re about to be obsessed.
ğŸ’³ Watch &amp; leave your review after. ğŸ˜","Sep 10, 2025 at 05:32 PM",SD Mochi,sent,17.00,50444,2175,1,17.0,,,ALLTIME_MASS_MESSAGE_STATS - DAILY.MASS.MESSAGE.STATS(Gmail-etl adds pge name).csv,2025-09-15T22:39:34.140491Z
"Mmm love Iâ€™ve got something naughty and FREE just for youâ€¦ turn your renew on and Iâ€™ll show you how wild I can get
https://onlyfans.com/kassieleexo","Sep 10, 2025 at 04:05 PM",Vash,unsent,-,4356,236,0,0.0,SD Mochi,,ALLTIME_MASS_MESSAGE_STATS - DAILY.MASS.MESSAGE.STATS(Gmail-etl adds pge name).csv,2025-09-15T22:39:34.140491Z
"ğŸ‘€ ğ™‹ğ™Šğ™‘: ğ™”ğ™¤ğ™ªâ€™ğ™§ğ™š ğ™¨ğ™¥ğ™§ğ™šğ™–ğ™™ğ™ğ™£ğ™œ ğ™¢ğ™® ğ™¡ğ™šğ™œğ™¨ ğ™¬ğ™ğ™™ğ™š ğ™–ğ™¨ ğ™„ ğ™—ğ™šğ™œ ğ™›ğ™¤ğ™§ ğ™¢ğ™¤ğ™§ğ™šâ€¦ ğŸ˜ˆ
I start with soft moans and shaking thighsâ€¦ but the deeper it gets, the louder I get.
ğŸ’¦ Youâ€™ll hear everythingâ€¦ and see even more.
ğŸ¥ Shot close enough to feel realâ€”this oneâ€™s raw, unfiltered, and absolutely soaked.

ğŸ”“ Available for my loyal fans only.
ğŸ’² $20 â€“ Worth every needy second.","Sep 10, 2025 at 03:31 PM",SD Mochi,unsent,20.00,50222,1829,0,0.0,SD Mochi,,ALLTIME_MASS_MESSAGE_STATS - DAILY.MASS.MESSAGE.STATS(Gmail-etl adds pge name).csv,2025-09-15T22:39:34.140491Z
"what is your fav type of content? I have a special deal just for you but you have to Imk what content you like to jerk off the most to ğŸ™ˆğŸ˜ˆ BG, GG, BJ, SOLOğŸ’¦","Sep 10, 2025 at 03:15 PM",SD Mochi,unsent,-,50442,1402,0,0.0,SD Mochi,,ALLTIME_MASS_MESSAGE_STATS - DAILY.MASS.MESSAGE.STATS(Gmail-etl adds pge name).csv,2025-09-15T22:39:34.140491Z
"Whatâ€™s hotter, a quick bite or a quick fuck in your car?ğŸ˜ˆ","Sep 10, 2025 at 02:16 PM",SD Mochi,unsent,-,50184,687,0,0.0,SD Mochi,,ALLTIME_MASS_MESSAGE_STATS - DAILY.MASS.MESSAGE.STATS(Gmail-etl adds pge name).csv,2025-09-15T22:39:34.140491Z
"ğŸ’–ğŸ¥º sheâ€™s pouting rn ğŸ’¦
â€™cause iâ€™ve been playing around her edges all morning &amp; not letting anyone in ğŸ˜ŒğŸ’…ğŸ»

just soft lil circles n finger flutters ğŸ˜½
my panties are soaked, but no one gets to taste ğŸ’¦","Sep 10, 2025 at 02:08 PM",SD Mochi,unsent,17.00,50219,1348,0,0.0,SD Mochi,,ALLTIME_MASS_MESSAGE_STATS - DAILY.MASS.MESSAGE.STATS(Gmail-etl adds pge name).csv,2025-09-15T22:39:34.140491Z
Still in bed.  wanna help me start my day right? ğŸ‘…,"Sep 10, 2025 at 12:45 PM",Vash,unsent,-,46530,747,0,0.0,SD Mochi,,ALLTIME_MASS_MESSAGE_STATS - DAILY.MASS.MESSAGE.STATS(Gmail-etl adds pge name).csv,2025-09-15T22:39:34.140491Z
"ğŸš¿ğŸ’— SHOWER TIME = SHOWTIME ğŸ’—
I was feeling myself under that hot water ğŸ˜Œ
ğŸ’¦ Wet skin. Soft moans. Slippery everything.
Perfect intro if you're just joiningâ€¦
Or if you wanna imagine stepping in with me ğŸ˜‰","Sep 10, 2025 at 11:53 AM",SD Mochi,unsent,15.00,50221,1393,0,0.0,SD Mochi,,ALLTIME_MASS_MESSAGE_STATS - DAILY.MASS.MESSAGE.STATS(Gmail-etl adds pge name).csv,2025-09-15T22:39:34.140491Z
Iâ€™d tease you through your pants while you drive. Would you pull over or let me ride you right there? ğŸ‘€,"Sep 10, 2025 at 11:13 AM",SD Mochi,unsent,-,50186,776,0,0.0,SD Mochi,,ALLTIME_MASS_MESSAGE_STATS - DAILY.MASS.MESSAGE.STATS(Gmail-etl adds pge name).csv,2025-09-15T22:39:34.140491Z
"ğŸ˜ ğ‘¶ğ‘µğ‘¬ ğ‘´ğ‘°ğ‘µğ‘¼ğ‘»ğ‘¬. ğ‘¶ğ‘µğ‘¬ ğ‘»ğ‘¬ğ‘¨ğ‘ºğ‘¬. ğ‘¶ğ‘µğ‘¬ ğ‘©ğ‘¨ğ‘« ğ‘®ğ‘°ğ‘¹ğ‘³ ğŸ’¦
ğŸ“¹ This is just a taste...
Cheap. Dirty. UNMISSABLE.
You ready for the main course, daddy? ğŸ˜ˆğŸ’‹","Sep 10, 2025 at 10:48 AM",SD Mochi,unsent,12.00,50220,1431,0,0.0,SD Mochi,,ALLTIME_MASS_MESSAGE_STATS - DAILY.MASS.MESSAGE.STATS(Gmail-etl adds pge name).csv,2025-09-15T22:39:34.140491Z
"ğ“œğ”‚ ğ“¥ğ“®ğ“»ğ”‚ ğ“•ğ“²ğ“»ğ“¼ğ“½ ğ“£ğ“²ğ“¶ğ“® ğŸ˜³ğŸ’•
I was so shyâ€¦ until it felt TOO good ğŸ˜©

ğŸ¥ Caught myself moaning, forgetting the camera was even there
See how I lost control in my very first session with my new toyğŸ¥µ","Sep 10, 2025 at 09:53 AM",SD Mochi,unsent,13.00,50219,1457,0,0.0,SD Mochi,,ALLTIME_MASS_MESSAGE_STATS - DAILY.MASS.MESSAGE.STATS(Gmail-etl adds pge name).csv,2025-09-15T22:39:34.140491Z
"Pin my wrists, sink in slowâ€¦ then fuck me harder â€˜til I forget how to breathe ğŸ¥µ","Sep 10, 2025 at 09:20 AM",SD Mochi,unsent,-,50184,839,0,0.0,SD Mochi,,ALLTIME_MASS_MESSAGE_STATS - DAILY.MASS.MESSAGE.STATS(Gmail-etl adds pge name).csv,2025-09-15T22:39:34.140491Z
"ğŸ–¤ ğ˜ ğ˜–ğ˜œ ğ˜Šğ˜ˆğ˜• ğ˜ğ˜ˆğ˜ğ˜›â€¦ ğ˜–ğ˜™ ğ˜ ğ˜–ğ˜œ ğ˜Šğ˜ˆğ˜• ğ˜‰ğ˜Œ ğ˜ˆ ğ˜‰ğ˜ˆğ˜‹ ğ˜‰ğ˜–ğ˜  &amp; ğ˜šğ˜Œğ˜Œ ğ˜ğ˜› ğ˜•ğ˜–ğ˜ ğŸ˜ˆ
ğŸ”¥ I was supposed to keep this private, but letâ€™s be honestâ€¦ I want you watching.
ğŸ‘€ You sneaking off to watch, or are you gonna make me beg for you instead? ğŸ˜ğŸ’‹","Sep 10, 2025 at 07:53 AM",SD Mochi,unsent,8.00,50220,1490,0,0.0,SD Mochi,,ALLTIME_MASS_MESSAGE_STATS - DAILY.MASS.MESSAGE.STATS(Gmail-etl adds pge name).csv,2025-09-15T22:39:34.140491Z
Morning wood checkâ€¦ is it hard for me yet? ğŸ˜ˆ,"Sep 10, 2025 at 07:18 AM",SD Mochi,unsent,-,50185,184,0,0.0,SD Mochi,,ALLTIME_MASS_MESSAGE_STATS - DAILY.MASS.MESSAGE.STATS(Gmail-etl adds pge name).csv,2025-09-15T22:39:34.140491Z
"ğŸ“¸ ğ˜ ğ˜–ğ˜œ ğ˜–ğ˜’ğ˜ˆğ˜  ğ˜ğ˜ğ˜›ğ˜ ğ˜”ğ˜Œ ğ˜‹ğ˜œğ˜”ğ˜—ğ˜ğ˜•ğ˜ ğ˜›ğ˜ğ˜ğ˜š ğ˜–ğ˜• ğ˜ ğ˜–ğ˜œ? ğŸ˜
I just went through my ğ™ğ™¤ğ™©ğ™©ğ™šğ™¨ğ™©, ğ™£ğ™–ğ™ªğ™œğ™ğ™©ğ™ğ™šğ™¨ğ™©, ğ™¢ğ™¤ğ™¨ğ™© ğ™¨ğ™šğ™˜ğ™§ğ™šğ™© vids &amp; pics and damnâ€¦ I forgot how good these are.
ğŸ”¥ Close-ups, mirror shots, and full spread POVs that never shouldâ€™ve left my phone.
ğŸ’‹ Iâ€™ll send it, but only if youâ€™re ready for this. ğŸ‘€ğŸ’¦","Sep 10, 2025 at 06:03 AM",SD Mochi,sent,5.00,50448,2367,1,5.0,,,ALLTIME_MASS_MESSAGE_STATS - DAILY.MASS.MESSAGE.STATS(Gmail-etl adds pge name).csv,2025-09-15T22:39:34.140491Z
"Wake me up by pinning me down, filling me deep, and not letting me breathe â€˜til Iâ€™m moaning your nameâ€¦ ğŸ¥µğŸ’¦","Sep 10, 2025 at 05:15 AM",SD Mochi,unsent,-,50187,242,0,0.0,SD Mochi,,ALLTIME_MASS_MESSAGE_STATS - DAILY.MASS.MESSAGE.STATS(Gmail-etl adds pge name).csv,2025-09-15T22:39:34.140491Z
"ğ™¸ ğšœğš‘ğš˜ğšğš•ğš ğš‹ğš ğšŠğšœğš•ğšğšğš™ ğš‹ğšğš ğ™¸ ğšğš˜ğš ğšğš’ğšœğšğš›ğšŠğšŒğšğšğš ğŸ˜
Tried to keep my hands off myselfâ€¦ but that was a f*cking fail.
So now Iâ€™m lying here, legs shaking, still catching my breath.
ğŸ¥ Unlock &amp; see why I couldnâ€™t stop moaning.","Sep 10, 2025 at 04:09 AM",SD Mochi,sent,15.00,50223,2313,1,15.0,,,ALLTIME_MASS_MESSAGE_STATS - DAILY.MASS.MESSAGE.STATS(Gmail-etl adds pge name).csv,2025-09-15T22:39:34.140491Z
"Wide awake &amp; drippingâ€¦ what would you do first, Daddy? ğŸ˜ˆ","Sep 10, 2025 at 03:14 AM",SD Mochi,unsent,-,50190,149,0,0.0,SD Mochi,,ALLTIME_MASS_MESSAGE_STATS - DAILY.MASS.MESSAGE.STATS(Gmail-etl adds pge name).csv,2025-09-15T22:39:34.140491Z
"Imagine my tongue wrapped around you right nowâ€¦ sloppy, gagging, begging for every drop ğŸ¤¤ğŸ†","Sep 10, 2025 at 02:11 AM",SD Mochi,unsent,-,50189,336,0,0.0,SD Mochi,,ALLTIME_MASS_MESSAGE_STATS - DAILY.MASS.MESSAGE.STATS(Gmail-etl adds pge name).csv,2025-09-15T22:39:34.140491Z
"ğ™”ğ™¤ğ™ª ğ™¬ğ™¤ğ™£â€™ğ™© ğ™œğ™ªğ™šğ™¨ğ™¨ ğ™ğ™¤ğ™¬ ğ™ğ™–ğ™§ğ™™ ğ™„ ğ™§ğ™¤ğ™™ğ™š ğ™©ğ™¤ğ™£ğ™ğ™œğ™ğ™© ğŸ˜
I was soaked, legs spread, toys deepâ€¦ and yeah, I recorded every second.
Now itâ€™s your turn to decideâ€¦
ğŸ’³ ğ™”ğ™¤ğ™ª ğ™¬ğ™–ğ™©ğ™˜ğ™ğ™ğ™£ğ™œ ğ™¤ğ™§ ğ™£ğ™–ğ™?","Sep 10, 2025 at 01:22 AM",SD Mochi,unsent,17.00,50223,1619,0,0.0,SD Mochi,,ALLTIME_MASS_MESSAGE_STATS - DAILY.MASS.MESSAGE.STATS(Gmail-etl adds pge name).csv,2025-09-15T22:39:34.140491Z
Tossing in bedâ€¦ should I imagine your cock or your hands first? ğŸ†ğŸ’‹,"Sep 10, 2025 at 12:19 AM",SD Mochi,unsent,-,50187,298,0,0.0,SD Mochi,,ALLTIME_MASS_MESSAGE_STATS - DAILY.MASS.MESSAGE.STATS(Gmail-etl adds pge name).csv,2025-09-15T22:39:34.140491Z
"ğŸ’‹ Sá´›á´‡á´€á´Ê SÊœá´á´¡á´‡Ê€ Cá´É´Ò“á´‡ssÉªá´É´ ğŸ’¦
Iâ€™m fully nude, dripping wet, and rubbing my tight little pussyâ€¦ wÉªsÊœ Êá´á´œ á´¡á´‡Ê€á´‡ Êœá´‡Ê€á´‡ á´›á´ Êœá´‡ÊŸá´˜ á´á´‡ Ò“ÉªÉ´ÉªsÊœ, Ê™á´€Ê™Ê ğŸ˜ğŸ’–","Sep 10, 2025 at 12:05 AM",SD Mochi,unsent,17.00,50222,1653,0,0.0,SD Mochi,,ALLTIME_MASS_MESSAGE_STATS - DAILY.MASS.MESSAGE.STATS(Gmail-etl adds pge name).csv,2025-09-15T22:39:34.140491Z
"Iâ€™m dripping wet and biting my lip thinking of you ğŸ’¦ Wanna see how messy I can get for you, Daddy? ğŸ‘€","Sep 10, 2025 at 12:03 AM",SD Mochi,unsent,-,50187,319,0,0.0,SD Mochi,,ALLTIME_MASS_MESSAGE_STATS - DAILY.MASS.MESSAGE.STATS(Gmail-etl adds pge name).csv,2025-09-15T22:39:34.140491Z
"ğŸ‘… ğ™ğ™ƒğ™€ ğ™ğ™‡ğ™Šğ™‹ğ™‹ğ™„ğ™€ğ™ğ™, ğ˜¿ğ™€ğ™€ğ™‹ğ™€ğ™ğ™ ğ™ƒğ™€ğ˜¼ğ˜¿ ğ™„'ğ™‘ğ™€ ğ™€ğ™‘ğ™€ğ™ ğ™‚ğ™„ğ™‘ğ™€ğ™‰... ğŸ‘…

ğŸ’‹ Spit dripping, my lips stretched wide, my throat taking every inch.
ğŸ”¥ Gagging, moaning, looking straight into the camera.
ğŸ’¦ Would you grab my hair and push me even deeper?","Sep 09, 2025 at 10:59 PM",SD Mochi,unsent,18.00,50222,1103,0,0.0,SD Mochi,,ALLTIME_MASS_MESSAGE_STATS - DAILY.MASS.MESSAGE.STATS(Gmail-etl adds pge name).csv,2025-09-15T22:39:34.140491Z
"ğŸ’ğŸ”¥ GIRL-ON-GIRL PLEASURE ğŸ”¥ğŸ’

ğŸ‘… Her tongue gliding over my skinâ€¦ teasing, tasting, making me tremble. ğŸ˜ğŸ’¦
ğŸ–¤ My nails digging into the sheets, thighs shaking as I beg for more. ğŸ¥µ
ğŸ“¸ The camera catching every wet, messy, toe-curling moment. ğŸ‘€

â³ Only my favorites get to see thisâ€¦ but not for long.
ğŸ”“ Ready to watch? ğŸ˜ˆ","Sep 09, 2025 at 09:31 PM",SD Mochi,unsent,20.00,50222,1129,0,0.0,SD Mochi,,ALLTIME_MASS_MESSAGE_STATS - DAILY.MASS.MESSAGE.STATS(Gmail-etl adds pge name).csv,2025-09-15T22:39:34.140491Z
My mouthâ€™s feeling sooo empty right now ğŸ‘„ Donâ€™t you think your cock would look perfect sliding inside? ğŸ˜ğŸ†,"Sep 09, 2025 at 09:03 PM",SD Mochi,unsent,-,50187,453,0,0.0,SD Mochi,,ALLTIME_MASS_MESSAGE_STATS - DAILY.MASS.MESSAGE.STATS(Gmail-etl adds pge name).csv,2025-09-15T22:39:34.140491Z
Eveningâ€™s just startingâ€¦ wanna spend it with me dripping on your cock instead? ğŸ†ğŸ’¦,"Sep 09, 2025 at 08:17 PM",SD Mochi,unsent,-,50189,141,0,0.0,SD Mochi,,ALLTIME_MASS_MESSAGE_STATS - DAILY.MASS.MESSAGE.STATS(Gmail-etl adds pge name).csv,2025-09-15T22:39:34.140491Z
"ğŸ‘€ ğ™‹ğ™Šğ™‘: ğ™„ ğ™˜ğ™¡ğ™ğ™¢ğ™— ğ™¤ğ™£ ğ™©ğ™¤ğ™¥ ğ™¤ğ™› ğ™®ğ™¤ğ™ªâ€¦
Youâ€™re so hard for me alreadyâ€¦ Let me take care of that.
ğŸ”¥ Riding deep. Moaning your name. My hands all over your chest. ğŸ’¦
Your fantasy just became realityâ€¦
ğŸ”“ Unlock &amp; live it with me.","Sep 09, 2025 at 07:30 PM",SD Mochi,unsent,23.00,50223,1201,0,0.0,SD Mochi,,ALLTIME_MASS_MESSAGE_STATS - DAILY.MASS.MESSAGE.STATS(Gmail-etl adds pge name).csv,2025-09-15T22:39:34.140491Z
"I was playing with my toy earlier and moaned your name without even noticing ğŸ˜ˆğŸ’¦.Guess my pussy already belongs to you, huh? ","Sep 09, 2025 at 06:04 PM",SD Mochi,unsent,-,50187,253,0,0.0,SD Mochi,,ALLTIME_MASS_MESSAGE_STATS - DAILY.MASS.MESSAGE.STATS(Gmail-etl adds pge name).csv,2025-09-15T22:39:34.140491Z
"ğŸ† YOUâ€™RE MY LUCKY WINNER ğŸ°

Iâ€™m choosing 5 lucky fans to get HOURS of my most intimate content.

âœ¨ The more you unlock, the more chances you have to winâ€¦ Will you be the one? ğŸ˜‰ğŸ’¦","Sep 09, 2025 at 05:25 PM",SD Mochi,sent,5.00,50220,2507,1,5.0,,,ALLTIME_MASS_MESSAGE_STATS - DAILY.MASS.MESSAGE.STATS(Gmail-etl adds pge name).csv,2025-09-15T22:39:34.140491Z
cuz i have a lot of sleep i craving for some dick rnğŸ¥µ First 5 to send their best dick pics get a FREE DICKRATE ğŸ˜ˆ,"Sep 09, 2025 at 05:17 PM",Vash,unsent,-,46531,130,0,0.0,Vash,,ALLTIME_MASS_MESSAGE_STATS - DAILY.MASS.MESSAGE.STATS(Gmail-etl adds pge name).csv,2025-09-15T22:39:34.140491Z
What would you make me do on camera if I was all yours? Tell me. I might just make it come true ğŸ’¦ğŸ“¸,"Sep 09, 2025 at 04:31 PM",Vash,unsent,-,46534,194,0,0.0,Vash,,ALLTIME_MASS_MESSAGE_STATS - DAILY.MASS.MESSAGE.STATS(Gmail-etl adds pge name).csv,2025-09-15T22:39:34.140491Z
"ğŸ‘ THE CLOSEST LOOK AT MY ASS YOUâ€™VE EVER GOTTEN ğŸ‘

ğŸ“¹ FULL HD | ULTRA-CLOSE-UP | HOT &amp; UNCUT

ğŸ’‹ Twerking. Spreading. Arching.
ğŸ”¥ Hands gripping, fingers teasing.
ğŸ’¦ I know you canâ€™t look awayâ€¦","Sep 09, 2025 at 03:38 PM",SD Mochi,unsent,10.00,50224,1320,0,0.0,SD Mochi,,ALLTIME_MASS_MESSAGE_STATS - DAILY.MASS.MESSAGE.STATS(Gmail-etl adds pge name).csv,2025-09-15T22:39:34.140491Z
"I want to hear your voice, babeğŸ¥°, and I want to see how you react when you see me. Should we fix that tonight with a little one-on-one time?ğŸ˜","Sep 09, 2025 at 03:16 PM",Vash,unsent,-,46534,293,0,0.0,Vash,,ALLTIME_MASS_MESSAGE_STATS - DAILY.MASS.MESSAGE.STATS(Gmail-etl adds pge name).csv,2025-09-15T22:39:34.140491Z
I swear my panties have been begging me to rip them off all day ğŸ‘€ğŸ’‹ Should Iâ€¦ or should I let you do it for me? ğŸ˜,"Sep 09, 2025 at 03:11 PM",SD Mochi,unsent,-,50188,287,0,0.0,SD Mochi,,ALLTIME_MASS_MESSAGE_STATS - DAILY.MASS.MESSAGE.STATS(Gmail-etl adds pge name).csv,2025-09-15T22:39:34.140491Z
So whatâ€™s your plan for the day? Mineâ€™s simpleâ€¦ tease you â€˜til you canâ€™t think straight ğŸ˜ˆğŸ’‹,"Sep 09, 2025 at 02:11 PM",SD Mochi,unsent,-,50184,325,0,0.0,SD Mochi,,ALLTIME_MASS_MESSAGE_STATS - DAILY.MASS.MESSAGE.STATS(Gmail-etl adds pge name).csv,2025-09-15T22:39:34.140491Z
"â”â”â”â”â”â”â”â”â”â”â”â˜¾âœ§â˜½â”â”â”â”â”â”â”â”â”â”â”
ğŸ”¥ ğˆâ€™ğ‹ğ‹ ğ“ğ„ğ‹ğ‹ ğ˜ğğ” ğ„ğ—ğ€ğ‚ğ“ğ‹ğ˜ ğ‡ğğ– ğ“ğ ğ“ğğ”ğ‚ğ‡ ğ˜ğğ”ğ‘ğ’ğ„ğ‹ğ…â€¦ ğŸ”¥
â”â”â”â”â”â”â”â”â”â”â”â˜¾âœ§â˜½â”â”â”â”â”â”â”â”â”â”â”

ğŸ–¤ â€Start slow. Feel every inch. Edge yourself for me.â€
ğŸ‘‚ Soft whispers fill your earsâ€¦ guiding you, teasing you, controlling you.
ğŸ’¦ You wonâ€™t get to finishâ€¦ until I say so.
ğŸ‘€ The real question isâ€”can you actually last?

ğŸ§ Press play &amp; let me take control. ğŸ˜","Sep 09, 2025 at 01:36 PM",SD Mochi,unsent,14.00,50220,1380,0,0.0,SD Mochi,,ALLTIME_MASS_MESSAGE_STATS - DAILY.MASS.MESSAGE.STATS(Gmail-etl adds pge name).csv,2025-09-15T22:39:34.140491Z
"ğŸ”¥ ğ‚ğšğ®ğ ğ¡ğ­ ğ’ğğ¥ğŸ-ğğ¥ğšğ²ğ¢ğ§ğ ... ğšğ§ğ ğˆ ğƒğˆğƒğ'ğ“ ğ’ğ“ğğ ğŸ”¥
ğŸ‘€ You walked in &amp; found me lost in pleasure... but instead of stopping, I went even harder.
ğŸ’¦ Fingers deep, body trembling, moaning your name... you wonâ€™t believe how WET I got.
â£ï¸ The way I gasped at the end? You NEED to see this.

ğŸ’° Unlock for $15 &amp; watch me lose control ğŸ˜ˆ","Sep 09, 2025 at 11:34 AM",SD Mochi,unsent,15.00,50221,1419,0,0.0,SD Mochi,,ALLTIME_MASS_MESSAGE_STATS - DAILY.MASS.MESSAGE.STATS(Gmail-etl adds pge name).csv,2025-09-15T22:39:34.140491Z
"My pussyâ€™s throbbing so bad right now ğŸ˜ and the only thing missing is your hard cock stretching me wide ğŸ˜ˆğŸ† Wanna fix that, Daddy?","Sep 09, 2025 at 11:20 AM",SD Mochi,unsent,-,50186,110,0,0.0,SD Mochi,,ALLTIME_MASS_MESSAGE_STATS - DAILY.MASS.MESSAGE.STATS(Gmail-etl adds pge name).csv,2025-09-15T22:39:34.140491Z
"â•”â•â•â€â€¢Â°â€Â°â€¢â€â•â•â•—
ğŸ’¦ ğ‘€ğ¼ğ‘…ğ‘…ğ‘‚ğ‘…, ğ‘€ğ¼ğ‘…ğ‘…ğ‘‚ğ‘…â€¦ ğ’²ğ»ğ’ªâ€™ğ’® ğ’¯ğ»ğ¸ ğ’©ğ’œğ’°ğ’¢ğ»ğ’¯ğ¼ğ¸ğ’®ğ’¯ ğ’ªğ¹ ğ’¯ğ»ğ¸ğ‘€ ğ’œğ¿ğ¿? ğŸ’¦
â•šâ•â•â€â€¢Â°â€Â°â€¢â€â•â•â•

ğŸ”¥ Set the cam up just rightâ€¦ &amp; suddenly, I was amazed.
ğŸ’‹ Every angleâ€”every touchâ€”watching myself made me want more.
ğŸ’¦ The closer I got to the edge, the harder it was to look awayâ€¦
ğŸ‘€ Think you could handle seeing everything from my point of view?

ğŸ¥ Unlock now &amp; watch me lose myself in my own reflection. ğŸ˜","Sep 09, 2025 at 09:31 AM",SD Mochi,sent,3.00,50222,2638,1,3.0,,,ALLTIME_MASS_MESSAGE_STATS - DAILY.MASS.MESSAGE.STATS(Gmail-etl adds pge name).csv,2025-09-15T22:39:34.140491Z
"Iâ€™m dripping just thinking about you bending me over, baby ğŸ˜®â€ğŸ’¨","Sep 09, 2025 at 09:16 AM",SD Mochi,unsent,-,50188,193,0,0.0,SD Mochi,,ALLTIME_MASS_MESSAGE_STATS - DAILY.MASS.MESSAGE.STATS(Gmail-etl adds pge name).csv,2025-09-15T22:39:34.140491Z
"â˜€ï¸ WOKE UP FEELING NAUGHTYâ€¦ YOU WATCHING? ğŸ˜ â˜€ï¸
Some people start their morning with coffeeâ€¦ I start mine a little differently. ğŸ˜˜
ğŸ”¥ Letâ€™s just sayâ€”I didnâ€™t get out of bed right away. Wanna see why? ğŸ˜ˆ

ğŸ’° Unlock for just $10 &amp; start your morning right with me. ğŸ’¦","Sep 09, 2025 at 07:27 AM",SD Mochi,sent,10.00,50222,2667,1,10.0,,,ALLTIME_MASS_MESSAGE_STATS - DAILY.MASS.MESSAGE.STATS(Gmail-etl adds pge name).csv,2025-09-15T22:39:34.140491Z
"Just woke up, still warm under the sheetsâ€¦ tell me, baby, is your morning wood already up for me? ğŸ†ğŸ’¦","Sep 09, 2025 at 07:20 AM",SD Mochi,unsent,-,50187,268,0,0.0,SD Mochi,,ALLTIME_MASS_MESSAGE_STATS - DAILY.MASS.MESSAGE.STATS(Gmail-etl adds pge name).csv,2025-09-15T22:39:34.140491Z
Bet youâ€™d fuck me harder if you saw my face right now ğŸ˜,"Sep 09, 2025 at 06:20 AM",SD Mochi,unsent,-,50187,600,0,0.0,SD Mochi,,ALLTIME_MASS_MESSAGE_STATS - DAILY.MASS.MESSAGE.STATS(Gmail-etl adds pge name).csv,2025-09-15T22:39:34.140491Z
"Iâ€™M NOT SUPPOSED TO SHOW YOU THISâ€¦ BUT F*CK IT ğŸ˜ˆğŸ’¦ 
I told myself this was too wild to send outâ€¦ but I got convinced otherwise. ğŸ˜³
The way he pinned me down, the way my body arched in responseâ€”this was one of the most intense moments Iâ€™ve ever filmed.
ğŸ’¥ Only sending this to my most loyal fansâ€¦ think you can handle it? ğŸ¥µ","Sep 09, 2025 at 05:23 AM",SD Mochi,unsent,23.00,50222,1526,0,0.0,SD Mochi,,ALLTIME_MASS_MESSAGE_STATS - DAILY.MASS.MESSAGE.STATS(Gmail-etl adds pge name).csv,2025-09-15T22:39:34.140491Z
"ğŸ”¥ ğ— ğ—¬ ğ—Ÿğ—œğ—£ğ—¦? ğ—¬ğ—¢ğ—¨ğ—¥ ğ—¡ğ—˜ğ—ª ğ—¢ğ—•ğ—¦ğ—˜ğ—¦ğ—¦ğ—œğ—¢ğ—¡. ğŸ‘„ 

LOCK EYES WITH ME... ğŸŒ€ POV: I'm on my knees, staring up at you, lips parted... waiting. My eyes are locked on yours, and I can feel the anticipation building. 

UNLEASH YOUR DEEPEST DESIRES ğŸ˜ˆğŸ’¦ I'll take it slow, then deep, sloppy, and messy AF. Your turn? Unlock and let's get messy ğŸ’¦ğŸ’¦","Sep 09, 2025 at 03:24 AM",SD Mochi,unsent,13.00,50223,1549,0,0.0,SD Mochi,,ALLTIME_MASS_MESSAGE_STATS - DAILY.MASS.MESSAGE.STATS(Gmail-etl adds pge name).csv,2025-09-15T22:39:34.140491Z
Wanna know how wet I got thinking of you? ğŸ’¦ğŸ˜,"Sep 09, 2025 at 03:20 AM",SD Mochi,unsent,-,50188,380,0,0.0,SD Mochi,,ALLTIME_MASS_MESSAGE_STATS - DAILY.MASS.MESSAGE.STATS(Gmail-etl adds pge name).csv,2025-09-15T22:39:34.140491Z
Iâ€™d suck you sloppy until you canâ€™t think straight ğŸ¤¤ğŸ‘…. Wanna find out how good my throat feels?,"Sep 09, 2025 at 02:11 AM",SD Mochi,unsent,-,33485,327,0,0.0,SD Mochi,,ALLTIME_MASS_MESSAGE_STATS - DAILY.MASS.MESSAGE.STATS(Gmail-etl adds pge name).csv,2025-09-15T22:39:34.140491Z
"ğŸ”¥ ğ™’ğ˜¼ğ™ğ™‰ğ™„ğ™‰ğ™‚: ğ™’ğ™ƒğ˜¼ğ™ ğ™”ğ™Šğ™'ğ™ğ™€ ğ˜¼ğ˜½ğ™Šğ™ğ™ ğ™ğ™Š ğ™ğ™€ğ™€ ğ™’ğ™„ğ™‡ğ™‡ ğ™‡ğ™€ğ˜¼ğ™‘ğ™€ ğ™”ğ™Šğ™ ğ˜½ğ™ğ™€ğ˜¼ğ™ğ™ƒğ™‡ğ™€ğ™ğ™...ğŸ˜³ğŸ’¦

It started with a whisper, a gentle touch... but then he UNLEASHED HIS DESIRE, taking me to the edge and beyond. I didn't know I could feel this way, didn't know I could be so completely CONSUMED. ğŸ˜µâ€ğŸ’« 

EXPERIENCE THE MOST INTENSE, RAW, AND UNFORGETTABLE ENCOUNTER OF MY LIFE. You'll see every moan, every gasp, every moment of pure, unadulterated PLEASURE. 

LIMITED TIME OFFER â³ Only 15 lucky subscribers will get to unlock this video before it's GONE FOREVER. Don't miss your chance to witness the most EPIC, JAW-DROPPING, and ADDICTIVE content I've ever created. 

UNLOCK NOW AND EXPERIENCE THE RIDE OF A LIFETIME â±ï¸ Time's running out... Think you can handle the heat? Prove it.","Sep 09, 2025 at 01:56 AM",SD Mochi,unsent,21.00,50187,1564,0,0.0,SD Mochi,,ALLTIME_MASS_MESSAGE_STATS - DAILY.MASS.MESSAGE.STATS(Gmail-etl adds pge name).csv,2025-09-15T22:39:34.140491Z
"Bet you canâ€™t last 2 minutes with me moaning in your ear ğŸ˜ Wanna test it, Daddy?","Sep 09, 2025 at 12:20 AM",SD Mochi,unsent,-,50183,481,0,0.0,SD Mochi,,ALLTIME_MASS_MESSAGE_STATS - DAILY.MASS.MESSAGE.STATS(Gmail-etl adds pge name).csv,2025-09-15T22:39:34.140491Z
"ğŸ† YOUâ€™RE MY LUCKY WINNER!! ğŸ°

Iâ€™m choosing 5 lucky fans to get HOURS of my most intimate content.

âœ¨ The more you unlock, the more chances you have to winâ€¦ Will you be the one? ğŸ˜‰ğŸ’¦","Sep 08, 2025 at 11:38 PM",SD Mochi,sent,5.00,50219,2752,1,5.0,,,ALLTIME_MASS_MESSAGE_STATS - DAILY.MASS.MESSAGE.STATS(Gmail-etl adds pge name).csv,2025-09-15T22:39:34.140491Z
Donâ€™t lieâ€¦ youâ€™d love to spank this ass till it jiggles ğŸ¥µğŸ‘,"Sep 08, 2025 at 10:12 PM",SD Mochi,unsent,-,50184,579,0,0.0,SD Mochi,,ALLTIME_MASS_MESSAGE_STATS - DAILY.MASS.MESSAGE.STATS(Gmail-etl adds pge name).csv,2025-09-15T22:39:34.140491Z
"ğƒğ„ğ„ğ. ğ’ğ“ğ‘ğ„ğ“ğ‚ğ‡ğ„ğƒ. ğ…ğˆğ‹ğ‹ğ„ğƒ ğŸ›ï¸
ğŸ”¥ ğ…ğğğ¥ ğğ¯ğğ«ğ² ğ­ğ¡ğ«ğ®ğ¬ğ­, ğğ¯ğğ«ğ² ğ¢ğ§ğœğ¡, ğğ¯ğğ«ğ² ğ¬ğğœğ¨ğ§ğ... ğŸ˜ˆ
ğŸ’¥ My legs spread wide, my body arching as I push my toy deeperâ€¦
ğŸ’‹ I gasped, letting myself feel every inch stretching me open.
ğŸ”¥ Slow, sensual, and thenâ€¦ completely wrecked.
ğŸ’¦ How deep do you think I took it?","Sep 08, 2025 at 09:43 PM",SD Mochi,unsent,17.00,50218,1188,0,0.0,SD Mochi,,ALLTIME_MASS_MESSAGE_STATS - DAILY.MASS.MESSAGE.STATS(Gmail-etl adds pge name).csv,2025-09-15T22:39:34.140491Z
Bet your cock looks perfect hard right now ğŸ‘€ğŸ† Wanna show me?,"Sep 08, 2025 at 08:21 PM",SD Mochi,unsent,-,50185,653,0,0.0,SD Mochi,,ALLTIME_MASS_MESSAGE_STATS - DAILY.MASS.MESSAGE.STATS(Gmail-etl adds pge name).csv,2025-09-15T22:39:34.140491Z
"ğŸ–¤ ğ˜šğ˜° ğ˜¤ğ˜­ğ˜°ğ˜´ğ˜¦â€¦ ğ˜£ğ˜¶ğ˜µ ğ˜â€™ğ˜® ğ˜©ğ˜°ğ˜­ğ˜¥ğ˜ªğ˜¯ğ˜¨ ğ˜£ğ˜¢ğ˜¤ğ˜¬â€¦ ğŸ–¤

ğŸ’‹ My fingers grazing over my lips, but never slipping inside.
ğŸ”¥ The frustrationâ€¦ the slow build-upâ€¦ making me squirm.
ğŸ’¦ My body soaked and tremblingâ€”aching for more.
ğŸ‘€ Do you want to see me finally give in?","Sep 08, 2025 at 07:59 PM",SD Mochi,unsent,9.00,50220,1247,0,0.0,SD Mochi,,ALLTIME_MASS_MESSAGE_STATS - DAILY.MASS.MESSAGE.STATS(Gmail-etl adds pge name).csv,2025-09-15T22:39:34.140491Z
Bet you canâ€™t read this without stroking it a little ğŸ‘€,"Sep 08, 2025 at 07:17 PM",SD Mochi,unsent,-,50184,708,0,0.0,SD Mochi,,ALLTIME_MASS_MESSAGE_STATS - DAILY.MASS.MESSAGE.STATS(Gmail-etl adds pge name).csv,2025-09-15T22:39:34.140491Z
curious how iâ€™d react to ur size? let me rate it and iâ€™ll tell u straight up ğŸ’¦,"Sep 08, 2025 at 06:07 PM",Vash,unsent,-,46537,181,0,0.0,Vash,,ALLTIME_MASS_MESSAGE_STATS - DAILY.MASS.MESSAGE.STATS(Gmail-etl adds pge name).csv,2025-09-15T22:39:34.140491Z
"ğŸ‘€ ğ™‹ğ™Šğ™‘: ğ™„â€™ğ™¢ ğ™¡ğ™¤ğ™¤ğ™ ğ™ğ™£ğ™œ ğ™™ğ™¤ğ™¬ğ™£ ğ™–ğ™© ğ™®ğ™¤ğ™ª, ğ™©ğ™–ğ™ ğ™ğ™£ğ™œ ğ™šğ™«ğ™šğ™§ğ™® ğ™ğ™£ğ™˜ğ™â€¦

âš¡ ğ™ˆğ™® ğ™¡ğ™ğ™¥ğ™¨ ğ™¥ğ™–ğ™§ğ™©ğ™šğ™™, gasping as I grind slow and deep.

ğŸ’‹ ğ™€ğ™«ğ™šğ™§ğ™® ğ™—ğ™¤ğ™ªğ™£ğ™˜ğ™š, ğ™šğ™«ğ™šğ™§ğ™® ğ™¨ğ™©ğ™§ğ™¤ğ™ ğ™šâ€”letting you feel it through the screen.

ğŸ”¥ ğ™”ğ™¤ğ™ªâ€™ğ™§ğ™š ğ™§ğ™ğ™œğ™ğ™© ğ™ªğ™£ğ™™ğ™šğ™§ğ™£ğ™šğ™–ğ™©ğ™ ğ™¢ğ™š, watching me lose control.

ğŸ’¦ ğ˜¿ğ™¤ ğ™®ğ™¤ğ™ª ğ™¬ğ™–ğ™£ğ™© ğ™¢ğ™š ğ™©ğ™¤ ğ™œğ™¤ ğ™šğ™«ğ™šğ™£ ğ™›ğ™–ğ™¨ğ™©ğ™šğ™§?","Sep 08, 2025 at 05:56 PM",SD Mochi,unsent,13.00,50220,2661,0,0.0,SD Mochi,,ALLTIME_MASS_MESSAGE_STATS - DAILY.MASS.MESSAGE.STATS(Gmail-etl adds pge name).csv,2025-09-15T22:39:34.140491Z
Imagine me calling you Daddy while I drip down your thighs ğŸ¥µ,"Sep 08, 2025 at 05:26 PM",SD Mochi,unsent,-,50186,1030,0,0.0,SD Mochi,,ALLTIME_MASS_MESSAGE_STATS - DAILY.MASS.MESSAGE.STATS(Gmail-etl adds pge name).csv,2025-09-15T22:39:34.140491Z
"ğŸ–¤ WATCH ME BOUNCE &amp; SHAKE IT JUST FOR YOU...ğŸ’¦

â–¸ Twerking in slow motion, making it jiggle just right.
â–¸ My fingers are pulling me apart, giving you the perfect view.
â–¸ The way my back arches when I know youâ€™re watching? Unreal.
ğŸ’¦ Tell meâ€¦ how badly do you want to grab it?","Sep 08, 2025 at 03:54 PM",SD Mochi,unsent,15.00,50220,2709,0,0.0,SD Mochi,,ALLTIME_MASS_MESSAGE_STATS - DAILY.MASS.MESSAGE.STATS(Gmail-etl adds pge name).csv,2025-09-15T22:39:34.140491Z
"Your cock deserves a five-star blowjob from me, DaddyğŸŒŸğŸ­","Sep 08, 2025 at 03:53 PM",SD Mochi,unsent,-,50223,1083,0,0.0,SD Mochi,,ALLTIME_MASS_MESSAGE_STATS - DAILY.MASS.MESSAGE.STATS(Gmail-etl adds pge name).csv,2025-09-15T22:39:34.140491Z
What are your plans for today? Do u wanna get LIVE VidC@ll with me TODAY babe?ğŸ±â¤ï¸,"Sep 08, 2025 at 03:22 PM",Vash,unsent,-,46555,386,0,0.0,Vash,,ALLTIME_MASS_MESSAGE_STATS - DAILY.MASS.MESSAGE.STATS(Gmail-etl adds pge name).csv,2025-09-15T22:39:34.140491Z
Letâ€™s play a game ğŸ‘¾ if you guess CORRECT you get a FREE SOLO VID ğŸ†ğŸ’¦ take a guess WHAT COLOR I'm wearing? ğŸ˜‡ğŸ˜ˆ,"Sep 08, 2025 at 02:39 PM",Vash,unsent,-,46543,73,0,0.0,Vash,,ALLTIME_MASS_MESSAGE_STATS - DAILY.MASS.MESSAGE.STATS(Gmail-etl adds pge name).csv,2025-09-15T22:39:34.140491Z
"Bet you canâ€™t get through this message without touching yourself ğŸ˜ğŸ”¥ Am I right, babe?","Sep 08, 2025 at 02:12 PM",SD Mochi,unsent,-,50184,1131,0,0.0,SD Mochi,,ALLTIME_MASS_MESSAGE_STATS - DAILY.MASS.MESSAGE.STATS(Gmail-etl adds pge name).csv,2025-09-15T22:39:34.140491Z
"ğŸ’¦âœ¨ ğ’¯ğ’½ğ‘’ ğ“‚ğ‘œğ“‚ğ‘’ğ“ƒğ“‰ ğ“‚ğ“ ğ’»ğ’¾ğ“ƒğ‘”ğ‘’ğ“‡ğ“ˆ ğ“ˆğ“ğ’¾ğ“…ğ“…ğ‘’ğ’¹ ğ’¾ğ“ƒ... ğ’¾ğ“‰ ğ“Œğ’¶ğ“ˆ ğ’¶ğ“ğ“ ğ‘œğ“‹ğ‘’ğ“‡. âœ¨ğŸ’¦

ğŸ”¥ One finger... then two... stretching me wide.
ğŸ‘€ Slow, teasing movements, until I couldnâ€™t hold back.
ğŸ’‹ My body trembling, back arching, soft gasps turning into deep moans.
ğŸ’¦ Would you watch me take even more?","Sep 08, 2025 at 01:39 PM",SD Mochi,unsent,17.00,50217,2748,0,0.0,SD Mochi,,ALLTIME_MASS_MESSAGE_STATS - DAILY.MASS.MESSAGE.STATS(Gmail-etl adds pge name).csv,2025-09-15T22:39:34.140491Z
"Sunâ€™s up, legs openâ€¦ you up too? ğŸ‘€","Sep 08, 2025 at 12:46 PM",Vash,unsent,-,46540,508,0,0.0,Vash,,ALLTIME_MASS_MESSAGE_STATS - DAILY.MASS.MESSAGE.STATS(Gmail-etl adds pge name).csv,2025-09-15T22:39:34.140491Z
I swear my throat craves your cock more than lunch ğŸ‘… imagine me gagging on it right nowâ€¦,"Sep 08, 2025 at 12:14 PM",SD Mochi,unsent,-,50183,1196,0,0.0,SD Mochi,,ALLTIME_MASS_MESSAGE_STATS - DAILY.MASS.MESSAGE.STATS(Gmail-etl adds pge name).csv,2025-09-15T22:39:34.140491Z
"Think you can handle watching me shove it all the way down my throatâ€”drool dripping, gagging, moaning, eyes watering while I beg for every inch ğŸ˜ğŸ’‹
ğŸ‘‰ Donâ€™t just imagine itâ€¦ unlock &amp; hear me gag on it hardğŸ”¥ğŸ’¦","Sep 08, 2025 at 10:50 AM",SD Mochi,unsent,13.00,50220,2797,1,13.0,SD Mochi,,ALLTIME_MASS_MESSAGE_STATS - DAILY.MASS.MESSAGE.STATS(Gmail-etl adds pge name).csv,2025-09-15T22:39:34.140491Z
"ğŸ”¥ğŸ…¿ğŸ†ğŸ…¸ğŸ†…ğŸ…°ğŸ†ƒğŸ…´ ğŸ†‚ğŸ…½ğŸ…°ğŸ…¿ ğŸ…³ğŸ†„ğŸ…¼ğŸ…¿ ğŸ“¸
I gathered my naughtiest, most secret memories into this exclusive drop! ğŸ˜ˆ ï¼¹ï½ï½•â€™ï½Œï½Œ ï½“ï½…ï½… ï½—ï½ˆï½™ ï¼©â€™ï½–ï½… ï½‚ï½…ï½…ï½ ï½”ï½ˆï½… ï½ï½…ï½’ï½†ï½…ï½ƒï½” ï½Œï½‰ï½”ï½”ï½Œï½… ï½“ï½Œï½•ï½” ï½“ï½‰ï½ï½ƒï½… ï½„ï½ï½™ ï½ï½ï½… ğŸ˜ Unlock now before it disappears! ğŸ˜˜","Sep 08, 2025 at 09:58 AM",SD Mochi,unsent,5.00,50221,2813,0,0.0,SD Mochi,,ALLTIME_MASS_MESSAGE_STATS - DAILY.MASS.MESSAGE.STATS(Gmail-etl adds pge name).csv,2025-09-15T22:39:34.140491Z
"My pussyâ€™s so needy rn ğŸ˜©ğŸ’¦. Wanna come ruin it for me, Daddy?","Sep 08, 2025 at 08:57 AM",SD Mochi,unsent,-,50223,1280,0,0.0,SD Mochi,,ALLTIME_MASS_MESSAGE_STATS - DAILY.MASS.MESSAGE.STATS(Gmail-etl adds pge name).csv,2025-09-15T22:39:34.140491Z
"ğŸ”— I WANT TO SEE YOU DRIPPING ğŸ˜â³
""Breathe. Touch yourself. Donâ€™t rush it.""
ğŸ’¥ Iâ€™ll tell you exactly when to move, when to speed up, when to hold backâ€¦
ğŸ’¥ And when I finally let you finish, youâ€™ll be so desperate, you wonâ€™t be able to stop.

ğŸ’¦ Unlock &amp; let me take over your body ğŸ‘€","Sep 08, 2025 at 07:57 AM",SD Mochi,sent,10.00,50225,3043,1,10.0,,,ALLTIME_MASS_MESSAGE_STATS - DAILY.MASS.MESSAGE.STATS(Gmail-etl adds pge name).csv,2025-09-15T22:39:34.140491Z
"Imagine me stroking you slow, then sucking you deep ğŸ‘…ğŸ† Would you last long?","Sep 08, 2025 at 04:43 AM",SD Mochi,unsent,-,50224,33,0,0.0,Klint Senarillos,,ALLTIME_MASS_MESSAGE_STATS - DAILY.MASS.MESSAGE.STATS(Gmail-etl adds pge name).csv,2025-09-15T22:39:34.140491Z
"ğŸ–¤ ğ‘° ğ’”ğ’˜ğ’†ğ’‚ğ’“ ğ‘° ğ’˜ğ’‚ğ’”ğ’â€™ğ’• ğ’ˆğ’ğ’ğ’ğ’‚ ğ’”ğ’†ğ’ğ’… ğ’•ğ’‰ğ’Šğ’”â€¦ ğ’ƒğ’–ğ’• ğ‘° ğ’„ğ’‚ğ’â€™ğ’• ğ’‰ğ’ğ’ğ’… ğ’ƒğ’‚ğ’„ğ’Œ â£ï¸

ğŸ–¤ I hit the shower after a long, dirty nightâ€¦ but ended up getting even NASTIER.

ğŸ’¦ Soap dripping down my curves, fingers sliding between my thighs, the steam fogging up the mirror while I teased myself.
ğŸ‘€ I caught it ALL on cameraâ€”ğ˜µğ˜©ğ˜ªğ˜´ ğ˜·ğ˜ªğ˜¥ğ˜¦ğ˜° ğ˜ªğ˜´ ğ˜´ğ˜° ğ˜©ğ˜°ğ˜µ ğ˜ ğ˜´ğ˜µğ˜ªğ˜­ğ˜­ ğ˜¤ğ˜¢ğ˜¯â€™ğ˜µ ğ˜£ğ˜¦ğ˜­ğ˜ªğ˜¦ğ˜·ğ˜¦ ğ˜ ğ˜´ğ˜©ğ˜°ğ˜µ ğ˜ªğ˜µâ€¦","Sep 08, 2025 at 03:38 AM",SD Mochi,unsent,15.00,50224,2883,0,0.0,SD Mochi,,ALLTIME_MASS_MESSAGE_STATS - DAILY.MASS.MESSAGE.STATS(Gmail-etl adds pge name).csv,2025-09-15T22:39:34.140491Z
"Insomnia cure, ruin me until I canâ€™t walk straight, baby ğŸ˜ˆ","Sep 08, 2025 at 03:14 AM",SD Mochi,unsent,-,50188,159,0,0.0,SD Mochi,,ALLTIME_MASS_MESSAGE_STATS - DAILY.MASS.MESSAGE.STATS(Gmail-etl adds pge name).csv,2025-09-15T22:39:34.140491Z
"âœ§ï½¥ï¾ŸWatch Me Get Off ğ™ğ™‰ğ˜¾ğ™ğ™ï½¥ï¾Ÿâœ§
Couldnâ€™t help myselfâ€¦ got too turned on ğŸ˜ Watch me slide my fingers deep inside my soaked pussy until Iâ€™m left shaking and breathless ğŸ¥µ","Sep 08, 2025 at 02:52 AM",SD Mochi,sent,15.00,50223,3094,1,15.0,,,ALLTIME_MASS_MESSAGE_STATS - DAILY.MASS.MESSAGE.STATS(Gmail-etl adds pge name).csv,2025-09-15T22:39:34.140491Z
"Stroking slow under the sheetsâ€¦ wanna describe what youâ€™re doing while I play too? ğŸ˜ DM me, Daddy ğŸ˜ˆ","Sep 08, 2025 at 02:20 AM",SD Mochi,unsent,-,50188,205,0,0.0,SD Mochi,,ALLTIME_MASS_MESSAGE_STATS - DAILY.MASS.MESSAGE.STATS(Gmail-etl adds pge name).csv,2025-09-15T22:39:34.140491Z
"FULLY NUDE in the shower, rubbing my TIGHT wet pussy for you baby ğŸ™ˆğŸ’¦ wish you were here to shoot a fat load on me rn!!","Sep 08, 2025 at 01:42 AM",SD Mochi,sent,17.00,50222,3117,1,17.0,,,ALLTIME_MASS_MESSAGE_STATS - DAILY.MASS.MESSAGE.STATS(Gmail-etl adds pge name).csv,2025-09-15T22:39:34.140491Z
Should I play nurse tonight and check how hard you are? ğŸ©ºğŸ†,"Sep 08, 2025 at 12:24 AM",SD Mochi,unsent,-,50223,321,0,0.0,SD Mochi,,ALLTIME_MASS_MESSAGE_STATS - DAILY.MASS.MESSAGE.STATS(Gmail-etl adds pge name).csv,2025-09-15T22:39:34.140491Z
"ğŸ˜ˆ $500 worth of my hottest videosâ€¦ for just $5?! ğŸ’¦
This is the biggest drop Iâ€™ve ever done...10 of my filthiest videos in one insane bundle.
I must be losing it, but fuck it.
ğŸ’° First 10 unlocks get it...then price goes back up âŒ›","Sep 07, 2025 at 11:39 PM",SD Mochi,sent,5.00,50224,3147,5,25.0,,,ALLTIME_MASS_MESSAGE_STATS - DAILY.MASS.MESSAGE.STATS(Gmail-etl adds pge name).csv,2025-09-15T22:39:34.140491Z
"Letâ€™s playâ€¦ Iâ€™ll say a kink, you say if youâ€™d do it to me. Deal? ğŸ˜‰","Sep 07, 2025 at 11:01 PM",SD Mochi,unsent,-,50225,405,0,0.0,SD Mochi,,ALLTIME_MASS_MESSAGE_STATS - DAILY.MASS.MESSAGE.STATS(Gmail-etl adds pge name).csv,2025-09-15T22:39:34.140491Z
"This oneâ€™s suppperrr NAUGHTYâ€¦ should I even be selling it? ğŸ‘€
The way I archedâ€¦ the way I stretched myself outâ€¦ the way I moaned your nameâ€¦
Yeahâ€¦ this might be too much.
ğŸ”¥ Unlock &amp; see why Iâ€™m so shy to share this ğŸ˜Œ","Sep 07, 2025 at 09:38 PM",SD Mochi,sent,3.00,50228,3177,5,15.0,,,ALLTIME_MASS_MESSAGE_STATS - DAILY.MASS.MESSAGE.STATS(Gmail-etl adds pge name).csv,2025-09-15T22:39:34.140491Z
My ass is shaking for a good spankingâ€¦ whoâ€™s man enough to make me scream? ğŸ˜ˆ,"Sep 07, 2025 at 09:14 PM",SD Mochi,unsent,-,50195,489,0,0.0,SD Mochi,,ALLTIME_MASS_MESSAGE_STATS - DAILY.MASS.MESSAGE.STATS(Gmail-etl adds pge name).csv,2025-09-15T22:39:34.140491Z
"âŒ Off-Limits Fuck âŒ

Just a little fun, no one has to knowâ€¦
ğŸ’‹ Thatâ€™s what I told myself before he grabbed me &amp; made me WET with just one touch.
ğŸ¥µ I took him hard. I took him deep. And I LOVED every second.
ğŸ’¦ The way he filled me up at the end?? You NEED to see this.","Sep 07, 2025 at 08:15 PM",SD Mochi,sent,18.00,50226,3197,1,18.0,,,ALLTIME_MASS_MESSAGE_STATS - DAILY.MASS.MESSAGE.STATS(Gmail-etl adds pge name).csv,2025-09-15T22:39:34.140491Z
"My pussyâ€™s aching for attention rnâ€¦ tell me how youâ€™d fuck me first, Daddy ğŸ˜®â€ğŸ’¨","Sep 07, 2025 at 08:15 PM",SD Mochi,unsent,-,50227,528,0,0.0,SD Mochi,,ALLTIME_MASS_MESSAGE_STATS - DAILY.MASS.MESSAGE.STATS(Gmail-etl adds pge name).csv,2025-09-15T22:39:34.140491Z
First 3 to send their best dick pics get a FREE DICKRATE ğŸ˜ˆ,"Sep 07, 2025 at 07:40 PM",Vash,unsent,-,46505,45,0,0.0,Vash,,ALLTIME_MASS_MESSAGE_STATS - DAILY.MASS.MESSAGE.STATS(Gmail-etl adds pge name).csv,2025-09-15T22:39:34.140491Z
I just bent over naked on my bedâ€¦ waiting for daddy to fill me deep ğŸ˜®â€ğŸ’¨,"Sep 07, 2025 at 07:15 PM",SD Mochi,unsent,-,50191,576,0,0.0,SD Mochi,,ALLTIME_MASS_MESSAGE_STATS - DAILY.MASS.MESSAGE.STATS(Gmail-etl adds pge name).csv,2025-09-15T22:39:34.140491Z
"Hey Daddy, Iâ€™m in one of those moods and I canâ€™t stop thinking about how good you make me feel. Iâ€™ve got something extra naughty I want to show you tonightâ€¦ but itâ€™s way too hot for here ğŸ”¥. Message me if you want a custom, or letâ€™s hop on VC so I can make it all about you ğŸ’‹","Sep 07, 2025 at 06:18 PM",Mhae,unsent,-,50746,171,0,0.0,Vash,,ALLTIME_MASS_MESSAGE_STATS - DAILY.MASS.MESSAGE.STATS(Gmail-etl adds pge name).csv,2025-09-15T22:39:34.140491Z
"I made something new, baby.ğŸ¥° and youâ€™re the only one I want to share it with firstğŸ’¦. wanna see it?ğŸ™ˆ","Sep 07, 2025 at 05:47 PM",Vash,unsent,-,46507,204,0,0.0,Vash,,ALLTIME_MASS_MESSAGE_STATS - DAILY.MASS.MESSAGE.STATS(Gmail-etl adds pge name).csv,2025-09-15T22:39:34.140491Z
"â”â”â”â”â”â”â”â”â”â”â”â˜¾âœ§â˜½â”â”â”â”â”â”â”â”â”â”â”
ğŸ”¥ ğˆâ€™ğ‹ğ‹ ğ“ğ„ğ‹ğ‹ ğ˜ğğ” ğ„ğ—ğ€ğ‚ğ“ğ‹ğ˜ ğ‡ğğ– ğ“ğ ğ“ğğ”ğ‚ğ‡ ğ˜ğğ”ğ‘ğ’ğ„ğ‹ğ…â€¦ ğŸ”¥
â”â”â”â”â”â”â”â”â”â”â”â˜¾âœ§â˜½â”â”â”â”â”â”â”â”â”â”â”

ğŸ–¤ â€Start slow. Feel every inch. Edge yourself for me.â€
ğŸ‘‚ Soft whispers fill your earsâ€¦ guiding you, teasing you, controlling you.
ğŸ’¦ You wonâ€™t get to finishâ€¦ until I say so.
ğŸ‘€ The real question isâ€”can you actually last?

ğŸ§ Press play &amp; let me take control ğŸ˜","Sep 07, 2025 at 05:31 PM",SD Mochi,sent,14.00,50228,3258,2,28.0,,,ALLTIME_MASS_MESSAGE_STATS - DAILY.MASS.MESSAGE.STATS(Gmail-etl adds pge name).csv,2025-09-15T22:39:34.140491Z
Imagine me squirting all over the camera lensâ€¦ would you lick it clean? ğŸ’¦,"Sep 07, 2025 at 05:11 PM",SD Mochi,unsent,-,50192,688,0,0.0,SD Mochi,,ALLTIME_MASS_MESSAGE_STATS - DAILY.MASS.MESSAGE.STATS(Gmail-etl adds pge name).csv,2025-09-15T22:39:34.140491Z
First 15 to send their best dick pics get a FREE DICKRATE ğŸ˜ˆ,"Sep 07, 2025 at 04:10 PM",Vash,unsent,-,46578,202,0,0.0,Vash,,ALLTIME_MASS_MESSAGE_STATS - DAILY.MASS.MESSAGE.STATS(Gmail-etl adds pge name).csv,2025-09-15T22:39:34.140491Z
"ğŸ’‹ á¹–Ãœá¹ á¹ Å¸ áº„Ã„á¸²Ğ-Ãœá¹– á¹ªá¹šĞÃ„á¹ª ğŸ’¦

Watch me finger my tight little pussy until itâ€™s dripping wet ğŸ˜ğŸ‘…
Every moan will make you wanna fuck me awake.

ğŸ‘‰ Donâ€™t miss my morning mess â€” unlock before I cum again! ğŸ”¥ğŸ’‹","Sep 07, 2025 at 03:40 PM",SD Mochi,sent,15.00,50227,3288,0,0.0,,,ALLTIME_MASS_MESSAGE_STATS - DAILY.MASS.MESSAGE.STATS(Gmail-etl adds pge name).csv,2025-09-15T22:39:34.140491Z
"iâ€™ll give u the most honest, nasty free dick rate u ever got ğŸ‘€ wanna try me?ğŸ™ˆ","Sep 07, 2025 at 03:39 PM",Vash,unsent,-,46551,44,0,0.0,Vash,,ALLTIME_MASS_MESSAGE_STATS - DAILY.MASS.MESSAGE.STATS(Gmail-etl adds pge name).csv,2025-09-15T22:39:34.140491Z
I want you to cum all over my faceâ€¦ and watch me lick it off slowly ğŸ‘…,"Sep 07, 2025 at 03:14 PM",SD Mochi,unsent,-,50192,109,0,0.0,SD Mochi,,ALLTIME_MASS_MESSAGE_STATS - DAILY.MASS.MESSAGE.STATS(Gmail-etl adds pge name).csv,2025-09-15T22:39:34.140491Z
"My mouthâ€™s watering for something thick and hard ğŸ‘…ğŸ† Wanna feed me, Daddy?","Sep 07, 2025 at 03:09 PM",SD Mochi,unsent,-,50190,1,0,0.0,Klint Senarillos,,ALLTIME_MASS_MESSAGE_STATS - DAILY.MASS.MESSAGE.STATS(Gmail-etl adds pge name).csv,2025-09-15T22:39:34.140491Z
My nipples are so hard they hurtâ€¦ imagine sucking them until I moan for you ğŸ¥µğŸ‘€,"Sep 07, 2025 at 02:19 PM",SD Mochi,unsent,-,50194,163,0,0.0,SD Mochi,,ALLTIME_MASS_MESSAGE_STATS - DAILY.MASS.MESSAGE.STATS(Gmail-etl adds pge name).csv,2025-09-15T22:39:34.140491Z
"baby tell me what kind of content is ur fav when jerking off ğŸ†ğŸ’¦ BG, BJ, SOLO, GG?ğŸ™ˆ","Sep 07, 2025 at 01:16 PM",Vash,unsent,-,46552,210,0,0.0,Vash,,ALLTIME_MASS_MESSAGE_STATS - DAILY.MASS.MESSAGE.STATS(Gmail-etl adds pge name).csv,2025-09-15T22:39:34.140491Z
"ğŸ’¦ ğ‘®ğ’“ğ’†ğ’‚ğ’”ğ’†ğ’… ğ‘¼ğ’‘ &amp; ğ‘µğ’‚ğ’–ğ’ˆğ’‰ğ’•ğ’š ğŸ›€ğŸ’¦
Oiling up my curves while I twerk &amp; shake it slowâ€¦ glistening, slippery, &amp; ready to be touched ğŸ˜ Come watch me get messy, Daddy... ğŸ˜˜","Sep 07, 2025 at 01:03 PM",SD Mochi,unsent,13.00,50227,3144,0,0.0,SD Mochi,,ALLTIME_MASS_MESSAGE_STATS - DAILY.MASS.MESSAGE.STATS(Gmail-etl adds pge name).csv,2025-09-15T22:39:34.140491Z
"I crave getting facefucked so deepâ€¦ youâ€™d enjoy watching me drool, huh? ğŸ‘„","Sep 07, 2025 at 12:10 PM",SD Mochi,unsent,-,50192,188,0,0.0,SD Mochi,,ALLTIME_MASS_MESSAGE_STATS - DAILY.MASS.MESSAGE.STATS(Gmail-etl adds pge name).csv,2025-09-15T22:39:34.140491Z
"ğŸ˜ˆ ğğğğ ğğ”ğˆğ‚ğŠğˆğ„ ğ…ğ”ğ‚ğŠ ğŸ•›
ğğğ§ğ­ ğ¨ğ¯ğğ«, ğ¡ğšğ«ğ ğ©ğ¨ğ®ğ§ğğ¢ğ§ğ , ğ©ğ®ğ¬ğ¬ğ² ğœğ¥ğšğ©ğ©ğ¢ğ§ğ  ğ¥ğ¨ğ®ğ ğ°ğ¡ğ¢ğ¥ğ ğ¡ğ ğ¬ğ¥ğšğ©ğ¬ ğ¦ğ² ğšğ¬ğ¬ ğ«ğğ ğŸ‘ğŸ’¦ ğğğğ©, ğ¡ğšğ«ğ, ğ®ğ§ğœğ®ğ­.
âš¡ ğ’ğ¤ğ¢ğ© ğ²ğ¨ğ®ğ« ğ›ğ®ğ«ğ ğğ« â€” ğ®ğ§ğ¥ğ¨ğœğ¤ ğ§ğ¨ğ° &amp; ğ°ğšğ­ğœğ¡ ğ¦ğ ğ ğğ­ ğ¬ğ­ğ®ğŸğŸğğ ğŸğ®ğ¥ğ¥! ğŸ¤¤ğŸ”¥","Sep 07, 2025 at 11:57 AM",SD Mochi,unsent,21.00,50227,3168,0,0.0,SD Mochi,,ALLTIME_MASS_MESSAGE_STATS - DAILY.MASS.MESSAGE.STATS(Gmail-etl adds pge name).csv,2025-09-15T22:39:34.140491Z
"ğŸ”¥ ""I CAN STILL FEEL YOU INSIDE MEâ€¦ EVEN THOUGH YOUâ€™RE NOT HERE."" ğŸ˜ğŸ”¥
ğŸ’¥ I can still feel itâ€”my thighs clenched around you, my back arching, my nails digging into your skin.
ğŸ’¥ The way you stretched me, filled me, kept me moaning all nightâ€¦ I still feel it.

ğŸ’³ Unlock &amp; relive this moment with me.","Sep 07, 2025 at 11:50 AM",SD Mochi,unsent,9.00,50453,3,0,0.0,Klint Senarillos,,ALLTIME_MASS_MESSAGE_STATS - DAILY.MASS.MESSAGE.STATS(Gmail-etl adds pge name).csv,2025-09-15T22:39:34.140491Z
"ğŸğŸ’¦DIRTY LITTLE GIFT ğŸ’¦ğŸ
Youâ€™ve been so good, Daddyâ€¦ Iâ€™m spoiling you with my cutest pics &amp; nastiest vids ğŸ˜˜ğŸ”¥

Donâ€™t wait too long â€” this treat disappears fast ğŸ˜ˆğŸ’‹","Sep 07, 2025 at 10:18 AM",SD Mochi,unsent,5.00,50192,13,0,0.0,Klint Senarillos,,ALLTIME_MASS_MESSAGE_STATS - DAILY.MASS.MESSAGE.STATS(Gmail-etl adds pge name).csv,2025-09-15T22:39:34.140491Z
"ğŸ”¥ğ—œğ—¡ğ—§ğ—˜ğ—¡ğ—¦ğ—˜ BGğŸ”¥
DOGGY, MISSIONARY, ME ON TOP ğŸ˜µğŸ¤¤
He canâ€™t get enough of sliding his ğŸ† deep inside meâ€¦ just listen to how loud I moan ğŸ¥µ
Best part is when he flipped me over and took me DOGGY ğŸ’¦ making me scream with pleasure, feeling like the filthiest lil girl bent over, ass up! ğŸ‘

He fucked my tight little cunt so good before I climbed on top to finish him off ğŸ˜ˆğŸ’¦","Sep 07, 2025 at 08:10 AM",SD Mochi,sent,21.00,50229,3391,2,42.0,,,ALLTIME_MASS_MESSAGE_STATS - DAILY.MASS.MESSAGE.STATS(Gmail-etl adds pge name).csv,2025-09-15T22:39:34.140491Z
"Canâ€™t stop thinking about your cock stretching me wide openâ€¦ Daddy, DM me how youâ€™d take me right now ğŸ’¦ğŸ˜©","Sep 07, 2025 at 07:09 AM",SD Mochi,unsent,-,50195,207,0,0.0,SD Mochi,,ALLTIME_MASS_MESSAGE_STATS - DAILY.MASS.MESSAGE.STATS(Gmail-etl adds pge name).csv,2025-09-15T22:39:34.140491Z
My pussyâ€™s so wet itâ€™s making squishy soundsâ€¦ want me to record it for you? ğŸ§,"Sep 07, 2025 at 06:29 AM",SD Mochi,unsent,-,50199,241,0,0.0,,,ALLTIME_MASS_MESSAGE_STATS - DAILY.MASS.MESSAGE.STATS(Gmail-etl adds pge name).csv,2025-09-15T22:39:34.140491Z
"Imagine me riding you, tits bouncing while I moan your nameâ€¦ wanna see it? ğŸ¤¤","Sep 07, 2025 at 05:32 AM",SD Mochi,unsent,-,50201,99,0,0.0,SD Mochi,,ALLTIME_MASS_MESSAGE_STATS - DAILY.MASS.MESSAGE.STATS(Gmail-etl adds pge name).csv,2025-09-15T22:39:34.140491Z
"ğŸ˜± ğ‹ğ®ğœğ¤ğ² ğ˜ğ¨ğ®, ğƒğšğğğ²! ğŸ˜±
ğˆ ğ©ğ¢ğœğ¤ğğ ğ˜ğğ” ğ­ğ¨ ğ ğ«ğšğ› $1000 ğ°ğ¨ğ«ğ­ğ¡ ğ¨ğŸ ğ¦ğ² ğğ¢ğ«ğ­ğ¢ğğ¬ğ­ ğ¯ğ¢ğğ¬ ğŸ¥ ğŸğ¨ğ« ğ£ğ®ğ¬ğ­ $5 ğŸ˜ğŸ’¦
ğƒğ¨ğ§â€™ğ­ ğ¦ğ¢ğ¬ğ¬ ğ¢ğ­â€”ğ­ğ¡ğ¢ğ¬ ğğğšğ¥ ğ°ğ¨ğ§â€™ğ­ ğ¥ğšğ¬ğ­ ğ¥ğ¨ğ§ğ  â³","Sep 07, 2025 at 03:43 AM",SD Mochi,sent,5.00,50236,3460,5,25.0,,,ALLTIME_MASS_MESSAGE_STATS - DAILY.MASS.MESSAGE.STATS(Gmail-etl adds pge name).csv,2025-09-15T22:39:34.140491Z
"Be honestâ€¦ do you want me sweet &amp; innocent or filthy &amp; wild, babe? ğŸ‘¼ğŸ˜ˆ","Sep 07, 2025 at 03:28 AM",SD Mochi,unsent,-,50201,179,0,0.0,SD Mochi,,ALLTIME_MASS_MESSAGE_STATS - DAILY.MASS.MESSAGE.STATS(Gmail-etl adds pge name).csv,2025-09-15T22:39:34.140491Z
My mouthâ€™s feeling sooo empty right now ğŸ‘„ğŸ’¦ Donâ€™t you think your cock would look perfect sliding inside? ,"Sep 07, 2025 at 03:06 AM",SD Mochi,unsent,-,50234,198,0,0.0,SD Mochi,,ALLTIME_MASS_MESSAGE_STATS - DAILY.MASS.MESSAGE.STATS(Gmail-etl adds pge name).csv,2025-09-15T22:39:34.140491Z
"ğŸš¨ Only sending this to 10 of you ğŸš¨
 This bundle has some of my hottest moments, things I donâ€™t usually showâ€¦ but Iâ€™m in a giving mood ğŸ˜ First come, first served. Once itâ€™s gone, itâ€™s never coming back.","Sep 07, 2025 at 01:32 AM",SD Mochi,sent,3.00,50233,3482,2,6.0,,,ALLTIME_MASS_MESSAGE_STATS - DAILY.MASS.MESSAGE.STATS(Gmail-etl adds pge name).csv,2025-09-15T22:39:34.140491Z
I feel like roleplayingâ€¦ wanna be my Daddy or my toy? ğŸ˜ˆğŸ§¸,"Sep 07, 2025 at 12:10 AM",SD Mochi,unsent,-,50199,318,0,0.0,SD Mochi,,ALLTIME_MASS_MESSAGE_STATS - DAILY.MASS.MESSAGE.STATS(Gmail-etl adds pge name).csv,2025-09-15T22:39:34.140491Z
